slug,provider,actionButtons,planName,planType,historicalData,apiType,technology,chain,accessPrice,queryPrice,verifiedUptime,verifiedLatency,verifiedBlocksBehindAvg,uptimeSla,bandwidthSla,blocksBehindSla,supportSla,starred,trial,availableApis,limitations,securityImprovements,monitoringAndAnalytics,regions,additionalFeatures,address
1rpc-one-enterprise-recent-state,!provider:1rpc-enterprise-recent-state,"[""[Contact](https://www.1rpc.io/#pricing)"",""[Docs](https://docs.1rpc.io/using-the-web3-api/networks)""]",,,,,,one,,,,,,,,,,,,,,,,,,
1rpc-one-free-recent-state,!provider:1rpc-free-recent-state,"[""[Website](https://www.1rpc.io/)"",""[Docs](https://docs.1rpc.io/using-the-web3-api/networks)""]",,,,,,one,,,,,,,,,,,,,,,,,,
1rpc-one-pay-as-you-go-recent-state,!provider:1rpc-pay-as-you-go-recent-state,"[""[Buy](https://www.1rpc.io/#pricing)"",""[Docs](https://docs.1rpc.io/using-the-web3-api/networks)""]",,,,,,one,,,,,,,,,,,,,,,,,,
1rpc-one-public-recent-state,!provider:1rpc-public-recent-state,"[""[Website](https://www.1rpc.io/)"",""[Docs](https://docs.1rpc.io/using-the-web3-api/networks)""]",,,,,,one,,,,,,,,,,,,,,,,,,
alchemy-nova-enterprise-full-archive,!provider:alchemy-enterprise-full-archive,"[""[Contact](https://www.alchemy.com/contact-sales)"",""[Docs](https://www.alchemy.com/docs/reference/arbitrum-api-quickstart)""]",,,,,,nova,,,,,,,,,,,,,,,,,,
alchemy-nova-enterprise-indexer,!provider:alchemy-enterprise-indexer,"[""[Contact](https://www.alchemy.com/contact-sales-platinum)"",""[Docs](https://www.alchemy.com/docs/reference/arbitrum-nova-api-quickstart)""]",,,,,,nova,,,,,,,,,,,,,,,,,,
alchemy-nova-enterprise-recent-state,!provider:alchemy-enterprise-recent-state,"[""[Contact](https://www.alchemy.com/contact-sales)"",""[Docs](https://www.alchemy.com/docs/reference/arbitrum-api-quickstart)""]",,,,,,nova,,,,,,,,,,,,,,,,,,
alchemy-nova-free-full-archive,!provider:alchemy-free-full-archive,"[""[Website](https://www.alchemy.com/arbitrum)"",""[Docs](https://www.alchemy.com/docs/reference/arbitrum-api-quickstart)""]",,,,,,nova,,,,,,,,,,,,,,,,,,
alchemy-nova-free-indexer,!provider:alchemy-free-indexer,"[""[Website](https://www.alchemy.com/arbitrum-nova)"",""[Docs](https://www.alchemy.com/docs/reference/arbitrum-nova-api-quickstart)""]",,,,,,nova,,,,,,,,,,,,,,,,,,
alchemy-nova-free-recent-state,!provider:alchemy-free-recent-state,"[""[Website](https://www.alchemy.com/arbitrum-nova)"",""[Docs](https://www.alchemy.com/docs/reference/arbitrum-api-quickstart)""]",,,,,,nova,,,,,,,,,,,,,,,,,,
alchemy-nova-pay-as-you-go-full-archive,!provider:alchemy-pay-as-you-go-full-archive,"[""[Buy](https://www.alchemy.com/pricing)"",""[Docs](https://www.alchemy.com/docs/reference/arbitrum-api-quickstart)""]",,,,,,nova,,,,,,,,,,,,,,,,,,
alchemy-nova-pay-as-you-go-indexer,!provider:alchemy-pay-as-you-go-indexer,"[""[Buy](https://www.alchemy.com/pricing)"",""[Docs](https://www.alchemy.com/docs/reference/arbitrum-nova-api-quickstart)""]",,,,,,nova,,,,,,,,,,,,,,,,,,
alchemy-nova-pay-as-you-go-recent-state,!provider:alchemy-pay-as-you-go-recent-state,"[""[Buy](https://www.alchemy.com/pricing)"",""[Docs](https://www.alchemy.com/docs/reference/arbitrum-api-quickstart)""]",,,,,,nova,,,,,,,,,,,,,,,,,,
alchemy-one-enterprise-full-archive,!provider:alchemy-enterprise-full-archive,"[""[Contact](https://www.alchemy.com/contact-sales)"",""[Docs](https://www.alchemy.com/docs/reference/arbitrum-api-quickstart)""]",,,,,,one,,,,,,,,,,,,,,,,,,
alchemy-one-enterprise-indexer,!provider:alchemy-enterprise-indexer,"[""[Contact](https://www.alchemy.com/contact-sales-platinum)"",""[Docs](https://www.alchemy.com/docs/reference/arbitrum-api-quickstart)""]",,,,,,one,,,,,,,,,,,,,,,,,,
alchemy-one-enterprise-recent-state,!provider:alchemy-enterprise-recent-state,"[""[Contact](https://www.alchemy.com/contact-sales)"",""[Docs](https://www.alchemy.com/docs/reference/arbitrum-api-quickstart)""]",,,,,,one,,,,,,,,,,,,,,,,,,
alchemy-one-free-full-archive,!provider:alchemy-free-full-archive,"[""[Website](https://www.alchemy.com/arbitrum)"",""[Docs](https://www.alchemy.com/docs/reference/arbitrum-api-quickstart)""]",,,,,,one,,,,,,,,,,,,,,,,,,
alchemy-one-free-indexer,!provider:alchemy-free-indexer,"[""[Website](https://www.alchemy.com/arbitrum)"",""[Docs](https://www.alchemy.com/docs/reference/arbitrum-api-quickstart)""]",,,,,,one,,,,,,,,,,,,,,,,,,
alchemy-one-free-recent-state,!provider:alchemy-free-recent-state,"[""[Website](https://www.alchemy.com/arbitrum)"",""[Docs](https://www.alchemy.com/docs/reference/arbitrum-api-quickstart)""]",,,,,,one,,,,,,,,,,,,,,,,,,
alchemy-one-pay-as-you-go-full-archive,!provider:alchemy-pay-as-you-go-full-archive,"[""[Buy](https://www.alchemy.com/pricing)"",""[Docs](https://www.alchemy.com/docs/reference/arbitrum-api-quickstart)""]",,,,,,one,,,,,,,,,,,,,,,,,,
alchemy-one-pay-as-you-go-indexer,!provider:alchemy-pay-as-you-go-indexer,"[""[Buy](https://www.alchemy.com/pricing)"",""[Docs](https://www.alchemy.com/docs/reference/arbitrum-api-quickstart)""]",,,,,,one,,,,,,,,,,,,,,,,,,
alchemy-one-pay-as-you-go-recent-state,!provider:alchemy-pay-as-you-go-recent-state,"[""[Buy](https://www.alchemy.com/pricing)"",""[Docs](https://www.alchemy.com/docs/reference/arbitrum-api-quickstart)""]",,,,,,one,,,,,,,,,,,,,,,,,,
alchemy-sepolia-enterprise-full-archive,!provider:alchemy-enterprise-full-archive,"[""[Contact](https://www.alchemy.com/contact-sales)"",""[Docs](https://www.alchemy.com/docs/reference/arbitrum-api-quickstart)""]",,,,,,sepolia,,,,,,,,,,,,,,,,,,
alchemy-sepolia-enterprise-indexer,!provider:alchemy-enterprise-indexer,"[""[Contact](https://www.alchemy.com/contact-sales-platinum)"",""[Docs](https://www.alchemy.com/docs/choosing-a-web3-network#arbitrum-sepolia-testnet)""]",,,,,,sepolia,,,,,,,,,,,,,,,,,,
alchemy-sepolia-enterprise-recent-state,!provider:alchemy-enterprise-recent-state,"[""[Contact](https://www.alchemy.com/contact-sales)"",""[Docs](https://www.alchemy.com/docs/reference/arbitrum-api-quickstart)""]",,,,,,sepolia,,,,,,,,,,,,,,,,,,
alchemy-sepolia-free-full-archive,!provider:alchemy-free-full-archive,"[""[Website](https://www.alchemy.com/arbitrum)"",""[Docs](https://www.alchemy.com/docs/reference/arbitrum-api-quickstart)""]",,,,,,sepolia,,,,,,,,,,,,,,,,,,
alchemy-sepolia-free-indexer,!provider:alchemy-free-indexer,"[""[Website](https://www.alchemy.com/arbitrum)"",""[Docs](https://www.alchemy.com/docs/choosing-a-web3-network#arbitrum-sepolia-testnet)""]",,,,,,sepolia,,,,,,,,,,,,,,,,,,
alchemy-sepolia-free-recent-state,!provider:alchemy-free-recent-state,"[""[Website](https://www.alchemy.com/arbitrum)"",""[Docs](https://www.alchemy.com/docs/reference/arbitrum-api-quickstart)""]",,,,,,sepolia,,,,,,,,,,,,,,,,,,
alchemy-sepolia-pay-as-you-go-full-archive,!provider:alchemy-pay-as-you-go-full-archive,"[""[Buy](https://www.alchemy.com/pricing)"",""[Docs](https://www.alchemy.com/docs/reference/arbitrum-api-quickstart)""]",,,,,,sepolia,,,,,,,,,,,,,,,,,,
alchemy-sepolia-pay-as-you-go-indexer,!provider:alchemy-pay-as-you-go-indexer,"[""[Buy](https://www.alchemy.com/pricing)"",""[Docs](https://www.alchemy.com/docs/choosing-a-web3-network#arbitrum-sepolia-testnet)""]",,,,,,sepolia,,,,,,,,,,,,,,,,,,
alchemy-sepolia-pay-as-you-go-recent-state,!provider:alchemy-pay-as-you-go-recent-state,"[""[Buy](https://www.alchemy.com/pricing)"",""[Docs](https://www.alchemy.com/docs/reference/arbitrum-api-quickstart)""]",,,,,,sepolia,,,,,,,,,,,,,,,,,,
allthatnode-nova-enterprise-full-archive,!provider:allthatnode-enterprise-full-archive,,,,,,,nova,,,,,,,,,,,,,,,,,,
allthatnode-nova-free-full-archive,!provider:allthatnode-free-full-archive,"[""[Website](https://www.allthatnode.com/protocol/nova.dsrv)"",""[Docs](https://docs.allthatnode.com/docs/welcome-to-all-that-node)""]",,,,,,nova,,,,,,,,,,,,,,,,,,
allthatnode-nova-pay-as-you-go-full-archive,!provider:allthatnode-pay-as-you-go-full-archive,,,,,,,nova,,,,,,,,,,,,,,,,,,
allthatnode-one-enterprise-full-archive,!provider:allthatnode-enterprise-full-archive,,,,,,,one,,,,,,,,,,,,,,,,,,
allthatnode-one-free-full-archive,!provider:allthatnode-free-full-archive,"[""[Website](https://www.allthatnode.com/protocol/arbitrum.dsrv)"",""[Docs](https://docs.allthatnode.com/docs/welcome-to-all-that-node)""]",,,,,,one,,,,,,,,,,,,,,,,,,
allthatnode-one-pay-as-you-go-full-archive,!provider:allthatnode-pay-as-you-go-full-archive,,,,,,,one,,,,,,,,,,,,,,,,,,
allthatnode-sepolia-enterprise-full-archive,!provider:allthatnode-enterprise-full-archive,"[""[Contact](https://www.alchemy.com/contact-sales)"",""[Docs](https://www.alchemy.com/docs/reference/arbitrum-api-quickstart)""]",,,,,,sepolia,,,,,,,,,,,,,,,,,,
allthatnode-sepolia-free-full-archive,!provider:allthatnode-free-full-archive,"[""[Website](https://www.alchemy.com/arbitrum)"",""[Docs](https://www.alchemy.com/docs/reference/arbitrum-api-quickstart)""]",,,,,,sepolia,,,,,,,,,,,,,,,,,,
allthatnode-sepolia-pay-as-you-go-full-archive,!provider:allthatnode-pay-as-you-go-full-archive,"[""[Buy](https://www.alchemy.com/pricing)"",""[Docs](https://www.alchemy.com/docs/reference/arbitrum-api-quickstart)""]",,,,,,sepolia,,,,,,,,,,,,,,,,,,
ankr-nova-enterprise-full-archive,!provider:ankr-enterprise-full-archive,"[""[Contact](https://meetings-eu1.hubspot.com/arsalan-evini/?uuid=455e1b8b-8336-4969-8777-0296ea21e356)"",""[Docs](https://www.ankr.com/docs/rpc-service/chains/chains-api/arbitrum-nova/)""]",,,,,,nova,,,,,,,,,,,,,,,,,,
ankr-nova-enterprise-recent-state,!provider:ankr-enterprise-recent-state,"[""[Contact](https://meetings-eu1.hubspot.com/arsalan-evini/?uuid=455e1b8b-8336-4969-8777-0296ea21e356)"",""[Docs](https://www.ankr.com/docs/rpc-service/chains/chains-api/arbitrum-nova/)""]",,,,,,nova,,,,,,,,,,,,,,,,,,
ankr-nova-free-full-archive,!provider:ankr-free-full-archive,"[""[Website](https://www.ankr.com/web3-api/chains-list/arbitrumnova/)"",""[Docs](https://www.ankr.com/docs/rpc-service/chains/chains-api/arbitrum-nova/)""]",,,,,,nova,,,,,,,,,,,,,,,,,,
ankr-nova-free-recent-state,!provider:ankr-free-recent-state,"[""[Website](https://www.ankr.com/web3-api/chains-list/arbitrum/)"",""[Docs](https://www.ankr.com/docs/rpc-service/chains/chains-api/arbitrum-nova/)""]",,,,,,nova,,,,,,,,,,,,,,,,,,
ankr-nova-pay-as-you-go-full-archive,!provider:ankr-pay-as-you-go-full-archive,"[""[Buy](https://www.ankr.com/web3-api/chains-list/arbitrum/)"",""[Docs](https://www.ankr.com/docs/rpc-service/chains/chains-api/arbitrum-nova/)""]",,,,,,nova,,,,,,,,,,,,,,,,,,
ankr-nova-pay-as-you-go-recent-state,!provider:ankr-pay-as-you-go-recent-state,"[""[Buy](https://www.ankr.com/web3-api/chains-list/arbitrum/)"",""[Docs](https://www.ankr.com/docs/rpc-service/chains/chains-api/arbitrum-nova/)""]",,,,,,nova,,,,,,,,,,,,,,,,,,
ankr-one-enterprise-full-archive,!provider:ankr-enterprise-full-archive,"[""[Contact](https://meetings-eu1.hubspot.com/arsalan-evini/?uuid=455e1b8b-8336-4969-8777-0296ea21e356)"",""[Docs](https://www.ankr.com/docs/rpc-service/chains/chains-list/#arbitrum)""]",,,,,,one,,,,,,,,,,,,,,,,,,
ankr-one-enterprise-recent-state,!provider:ankr-enterprise-recent-state,"[""[Contact](https://meetings-eu1.hubspot.com/arsalan-evini/?uuid=455e1b8b-8336-4969-8777-0296ea21e356)"",""[Docs](https://www.ankr.com/docs/rpc-service/chains/chains-list/#arbitrum)""]",,,,,,one,,,,,,,,,,,,,,,,,,
ankr-one-free-full-archive,!provider:ankr-free-full-archive,"[""[Website](https://www.ankr.com/web3-api/chains-list/arbitrum/)"",""[Docs](https://www.ankr.com/docs/rpc-service/chains/chains-list/#arbitrum)""]",,,,,,one,,,,,,,,,,,,,,,,,,
ankr-one-free-recent-state,!provider:ankr-free-recent-state,"[""[Website](https://www.ankr.com/web3-api/chains-list/arbitrum/)"",""[Docs](https://www.ankr.com/docs/rpc-service/chains/chains-list/#arbitrum)""]",,,,,,one,,,,,,,,,,,,,,,,,,
ankr-one-pay-as-you-go-full-archive,!provider:ankr-pay-as-you-go-full-archive,"[""[Buy](https://www.ankr.com/web3-api/chains-list/arbitrum/)"",""[Docs](https://www.ankr.com/docs/rpc-service/chains/chains-list/#arbitrum)""]",,,,,,one,,,,,,,,,,,,,,,,,,
ankr-one-pay-as-you-go-recent-state,!provider:ankr-pay-as-you-go-recent-state,"[""[Buy](https://www.ankr.com/web3-api/chains-list/arbitrum/)"",""[Docs](https://www.ankr.com/docs/rpc-service/chains/chains-list/#arbitrum)""]",,,,,,one,,,,,,,,,,,,,,,,,,
ankr-sepolia-enterprise-full-archive,!provider:ankr-enterprise-full-archive,"[""[Contact](https://meetings-eu1.hubspot.com/arsalan-evini/?uuid=455e1b8b-8336-4969-8777-0296ea21e356)"",""[Docs](https://www.ankr.com/docs/rpc-service/chains/chains-list/#arbitrum)""]",,,,,,sepolia,,,,,,,,,,,,,,,,,,
ankr-sepolia-enterprise-recent-state,!provider:ankr-enterprise-recent-state,"[""[Contact](https://meetings-eu1.hubspot.com/arsalan-evini/?uuid=455e1b8b-8336-4969-8777-0296ea21e356)"",""[Docs](https://www.ankr.com/docs/rpc-service/chains/chains-list/#arbitrum)""]",,,,,,sepolia,,,,,,,,,,,,,,,,,,
ankr-sepolia-free-full-archive,!provider:ankr-free-full-archive,"[""[Website](https://www.ankr.com/web3-api/chains-list/arbitrum/)"",""[Docs](https://www.ankr.com/docs/rpc-service/chains/chains-list/#arbitrum)""]",,,,,,sepolia,,,,,,,,,,,,,,,,,,
ankr-sepolia-free-recent-state,!provider:ankr-free-recent-state,"[""[Website](https://www.ankr.com/web3-api/chains-list/arbitrum/)"",""[Docs](https://www.ankr.com/docs/rpc-service/chains/chains-list/#arbitrum)""]",,,,,,sepolia,,,,,,,,,,,,,,,,,,
ankr-sepolia-pay-as-you-go-full-archive,!provider:ankr-pay-as-you-go-full-archive,"[""[Buy](https://www.ankr.com/web3-api/chains-list/arbitrum/)"",""[Docs](https://www.ankr.com/docs/rpc-service/chains/chains-list/#arbitrum)""]",,,,,,sepolia,,,,,,,,,,,,,,,,,,
ankr-sepolia-pay-as-you-go-recent-state,!provider:ankr-pay-as-you-go-recent-state,"[""[Buy](https://www.ankr.com/web3-api/chains-list/arbitrum/)"",""[Docs](https://www.ankr.com/docs/rpc-service/chains/chains-list/#arbitrum)""]",,,,,,sepolia,,,,,,,,,,,,,,,,,,
blockdaemon-nova-enterprise-full-archive,!provider:blockdaemon-enterprise-full-archive,"[""[Contact](https://www.blockdaemon.com/api/pricing#form-jump)"",""[Docs](https://docs.blockdaemon.com/docs/arbitrum)""]",,,,,,nova,,,,,,,,,,,,,,,,,,
blockdaemon-nova-enterprise-recent-state,!provider:blockdaemon-enterprise-recent-state,"[""[Contact](https://www.blockdaemon.com/api/pricing#form-jump)"",""[Docs](https://docs.blockdaemon.com/docs/arbitrum)""]",,,,,,nova,,,,,,,,,,,,,,,,,,
blockdaemon-nova-free-full-archive,!provider:blockdaemon-free-full-archive,"[""[Website](https://www.blockdaemon.com/arbitrum)"",""[Docs](https://docs.blockdaemon.com/docs/arbitrum)""]",,,,,,nova,,,,,,,,,,,,,,,,,,
blockdaemon-nova-free-recent-state,!provider:blockdaemon-free-recent-state,"[""[Website](https://www.blockdaemon.com/arbitrum)"",""[Docs](https://docs.blockdaemon.com/docs/arbitrum)""]",,,,,,nova,,,,,,,,,,,,,,,,,,
blockdaemon-nova-pay-as-you-go-full-archive,!provider:blockdaemon-pay-as-you-go-full-archive,"[""[Buy](https://www.blockdaemon.com/api/pricing)"",""[Docs](https://docs.blockdaemon.com/docs/arbitrum)""]",,,,,,nova,,,,,,,,,,,,,,,,,,
blockdaemon-nova-pay-as-you-go-recent-state,!provider:blockdaemon-pay-as-you-go-recent-state,"[""[Buy](https://www.blockdaemon.com/api/pricing)"",""[Docs](https://docs.blockdaemon.com/docs/arbitrum)""]",,,,,,nova,,,,,,,,,,,,,,,,,,
blockdaemon-one-enterprise-full-archive,!provider:blockdaemon-enterprise-full-archive,"[""[Contact](https://www.blockdaemon.com/api/pricing#form-jump)"",""[Docs](https://docs.blockdaemon.com/docs/arbitrum)""]",,,,,,one,,,,,,,,,,,,,,,,,,
blockdaemon-one-enterprise-recent-state,!provider:blockdaemon-enterprise-recent-state,"[""[Contact](https://www.blockdaemon.com/api/pricing#form-jump)"",""[Docs](https://docs.blockdaemon.com/docs/arbitrum)""]",,,,,,one,,,,,,,,,,,,,,,,,,
blockdaemon-one-free-full-archive,!provider:blockdaemon-free-full-archive,"[""[Website](https://www.blockdaemon.com/arbitrum)"",""[Docs](https://docs.blockdaemon.com/docs/arbitrum)""]",,,,,,one,,,,,,,,,,,,,,,,,,
blockdaemon-one-free-recent-state,!provider:blockdaemon-free-recent-state,"[""[Website](https://www.blockdaemon.com/arbitrum)"",""[Docs](https://docs.blockdaemon.com/docs/arbitrum)""]",,,,,,one,,,,,,,,,,,,,,,,,,
blockdaemon-one-pay-as-you-go-full-archive,!provider:blockdaemon-pay-as-you-go-full-archive,"[""[Buy](https://www.blockdaemon.com/api/pricing)"",""[Docs](https://docs.blockdaemon.com/docs/arbitrum)""]",,,,,,one,,,,,,,,,,,,,,,,,,
blockdaemon-one-pay-as-you-go-recent-state,!provider:blockdaemon-pay-as-you-go-recent-state,"[""[Buy](https://www.blockdaemon.com/api/pricing)"",""[Docs](https://docs.blockdaemon.com/docs/arbitrum)""]",,,,,,one,,,,,,,,,,,,,,,,,,
blockdaemon-sepolia-enterprise-full-archive,!provider:blockdaemon-enterprise-full-archive,"[""[Contact](https://www.blockdaemon.com/api/pricing#form-jump)"",""[Docs](https://docs.blockdaemon.com/docs/arbitrum)""]",,,,,,sepolia,,,,,,,,,,,,,,,,,,
blockdaemon-sepolia-enterprise-recent-state,!provider:blockdaemon-enterprise-recent-state,"[""[Contact](https://www.blockdaemon.com/api/pricing#form-jump)"",""[Docs](https://docs.blockdaemon.com/docs/arbitrum)""]",,,,,,sepolia,,,,,,,,,,,,,,,,,,
blockdaemon-sepolia-free-full-archive,!provider:blockdaemon-free-full-archive,"[""[Website](https://www.blockdaemon.com/arbitrum)"",""[Docs](https://docs.blockdaemon.com/docs/arbitrum)""]",,,,,,sepolia,,,,,,,,,,,,,,,,,,
blockdaemon-sepolia-free-recent-state,!provider:blockdaemon-free-recent-state,"[""[Website](https://www.blockdaemon.com/arbitrum)"",""[Docs](https://docs.blockdaemon.com/docs/arbitrum)""]",,,,,,sepolia,,,,,,,,,,,,,,,,,,
blockdaemon-sepolia-pay-as-you-go-full-archive,!provider:blockdaemon-pay-as-you-go-full-archive,"[""[Buy](https://www.blockdaemon.com/api/pricing)"",""[Docs](https://docs.blockdaemon.com/docs/arbitrum)""]",,,,,,sepolia,,,,,,,,,,,,,,,,,,
blockdaemon-sepolia-pay-as-you-go-recent-state,!provider:blockdaemon-pay-as-you-go-recent-state,"[""[Buy](https://www.blockdaemon.com/api/pricing)"",""[Docs](https://docs.blockdaemon.com/docs/arbitrum)""]",,,,,,sepolia,,,,,,,,,,,,,,,,,,
blockpi-nova-enterprise-full-archive,!provider:blockpi-enterprise-full-archive,,,,,,,nova,,,,,,,,,,,,,,,,,,
blockpi-nova-enterprise-recent-state,!provider:blockpi-enterprise-recent-state,,,,,,,nova,,,,,,,,,,,,,,,,,,
blockpi-nova-free-full-archive,!provider:blockpi-free-full-archive,"[""[Website](https://blockpi.io/chain/arbitrum-nova/)"",""[Docs](https://docs.blockpi.io/)""]",,,,,,nova,,,,,,,,,,,,,,,,,,
blockpi-nova-free-recent-state,!provider:blockpi-free-recent-state,"[""[Website](https://blockpi.io/chain/arbitrum/)"",""[Docs](https://docs.blockpi.io/)""]",,,,,,nova,,,,,,,,,,,,,,,,,,
blockpi-nova-pay-as-you-go-full-archive,!provider:blockpi-pay-as-you-go-full-archive,,,,,,,nova,,,,,,,,,,,,,,,,,,
blockpi-nova-pay-as-you-go-recent-state,!provider:blockpi-pay-as-you-go-recent-state,,,,,,,nova,,,,,,,,,,,,,,,,,,
blockpi-one-enterprise-full-archive,!provider:blockpi-enterprise-full-archive,,,,,,,one,,,,,,,,,,,,,,,,,,
blockpi-one-enterprise-recent-state,!provider:blockpi-enterprise-recent-state,,,,,,,one,,,,,,,,,,,,,,,,,,
blockpi-one-free-full-archive,!provider:blockpi-free-full-archive,"[""[Website](https://blockpi.io/chain/arbitrum/)"",""[Docs](https://docs.blockpi.io/)""]",,,,,,one,,,,,,,,,,,,,,,,,,
blockpi-one-free-recent-state,!provider:blockpi-free-recent-state,"[""[Website](https://blockpi.io/chain/arbitrum/)"",""[Docs](https://docs.blockpi.io/)""]",,,,,,one,,,,,,,,,,,,,,,,,,
blockpi-one-pay-as-you-go-full-archive,!provider:blockpi-pay-as-you-go-full-archive,,,,,,,one,,,,,,,,,,,,,,,,,,
blockpi-one-pay-as-you-go-recent-state,!provider:blockpi-pay-as-you-go-recent-state,,,,,,,one,,,,,,,,,,,,,,,,,,
blockpi-sepolia-enterprise-full-archive,!provider:blockpi-enterprise-full-archive,,,,,,,sepolia,,,,,,,,,,,,,,,,,,
blockpi-sepolia-enterprise-recent-state,!provider:blockpi-enterprise-recent-state,,,,,,,sepolia,,,,,,,,,,,,,,,,,,
blockpi-sepolia-free-full-archive,!provider:blockpi-free-full-archive,"[""[Website](https://blockpi.io/chain/arbitrum/)"",""[Docs](https://docs.blockpi.io/)""]",,,,,,sepolia,,,,,,,,,,,,,,,,,,
blockpi-sepolia-free-recent-state,!provider:blockpi-free-recent-state,"[""[Website](https://blockpi.io/chain/arbitrum/)"",""[Docs](https://docs.blockpi.io/)""]",,,,,,sepolia,,,,,,,,,,,,,,,,,,
blockpi-sepolia-pay-as-you-go-full-archive,!provider:blockpi-pay-as-you-go-full-archive,,,,,,,sepolia,,,,,,,,,,,,,,,,,,
blockpi-sepolia-pay-as-you-go-recent-state,!provider:blockpi-pay-as-you-go-recent-state,,,,,,,sepolia,,,,,,,,,,,,,,,,,,
chain-love-one-free-full-archive,!provider:chain-love-free,"[""[Website](https://arbitrum.chain.love/rpc)"",""[Docs](https://chain-love.gitbook.io/chain-love-docs/blockchains/arbitrum)""]",,,,,,one,,,,,,,,,,,,,,,,,,
chain-love-one-free-indexer,!provider:chain-love-free-indexer,"[""[Buy](/graph)"",""[Docs](https://chain-love.gitbook.io/chain-love-docs/blockchains/arbitrum)""]",,,,,,one,,,,,,,,,,,,,,,,,,
chainbase-one-enterprise-custom,!provider:chainbase-enterprise-custom,"[""[Contact](https://platform.chainbase.com/contact)"",""[Docs](https://docs.chainbase.com/catalog/Arbitrum/Overview#the-major-features-of-the-arbitrum-blockchain)""]",,,,,,one,,,,,,,,,,,,,,,,,,
chainbase-one-free-custom,!provider:chainbase-free-custom,"[""[Website](https://platform.chainbase.com/chainNetwork/Arbitrum)"",""[Docs](https://docs.chainbase.com/catalog/Arbitrum/Overview#the-major-features-of-the-arbitrum-blockchain)""]",,,,,,one,,,,,,,,,,,,,,,,,,
chainbase-one-pay-as-you-go-custom,!provider:chainbase-pay-as-you-go-custom,"[""[Buy](https://platform.chainbase.com/pricing)"",""[Docs](https://docs.chainbase.com/catalog/Arbitrum/Overview#the-major-features-of-the-arbitrum-blockchain)""]",,,,,,one,,,,,,,,,,,,,,,,,,
chainnodes-one-free-full-archive,!provider:chainnodes-free-full-archive,"[""[Website](https://www.chainnodes.org/chains/arbitrum)"",""[Docs](https://www.chainnodes.org/docs)""]",,,,,,one,,,,,,,,,,,,,,,,,,
chainnodes-one-pay-as-you-go-full-archive,!provider:chainnodes-pay-as-you-go-full-archive,,,,,,,one,,,,,,,,,,,,,,,,,,
chainstack-one-enterprise-full-archive,!provider:chainstack-enterprise-full-archive,"[""[Contact](https://console.chainstack.com/user/account#login)"",""[Docs](https://docs.chainstack.com/reference/arbitrum-getting-started)""]",,,,,,one,,,,,,,,,,,,,,,,,,
chainstack-one-enterprise-recent-state,!provider:chainstack-enterprise-recent-state,"[""[Contact](https://console.chainstack.com/user/account#login)"",""[Docs](https://docs.chainstack.com/reference/arbitrum-getting-started)""]",,,,,,one,,,,,,,,,,,,,,,,,,
chainstack-one-free-recent-state,!provider:chainstack-free-recent-state,"[""[Website](https://chainstack.com/build-better-with-arbitrum/)"",""[Docs](https://docs.chainstack.com/reference/arbitrum-getting-started)""]",,,,,,one,,,,,,,,,,,,,,,,,,
chainstack-one-pay-as-you-go-full-archive,!provider:chainstack-pay-as-you-go-full-archive,"[""[Buy](https://chainstack.com/pricing/)"",""[Docs](https://docs.chainstack.com/reference/arbitrum-getting-started)""]",,,,,,one,,,,,,,,,,,,,,,,,,
chainstack-one-pay-as-you-go-recent-state,!provider:chainstack-pay-as-you-go-recent-state,"[""[Buy](https://chainstack.com/pricing/)"",""[Docs](https://docs.chainstack.com/reference/arbitrum-getting-started)""]",,,,,,one,,,,,,,,,,,,,,,,,,
chainstack-sepolia-enterprise-full-archive,!provider:chainstack-enterprise-full-archive,"[""[Contact](https://console.chainstack.com/user/account#login)"",""[Docs](https://docs.chainstack.com/reference/arbitrum-getting-started)""]",,,,,,sepolia,,,,,,,,,,,,,,,,,,
chainstack-sepolia-enterprise-recent-state,!provider:chainstack-enterprise-recent-state,"[""[Contact](https://console.chainstack.com/user/account#login)"",""[Docs](https://docs.chainstack.com/reference/arbitrum-getting-started)""]",,,,,,sepolia,,,,,,,,,,,,,,,,,,
chainstack-sepolia-free-recent-state,!provider:chainstack-free-recent-state,"[""[Website](https://chainstack.com/build-better-with-arbitrum/)"",""[Docs](https://docs.chainstack.com/reference/arbitrum-getting-started)""]",,,,,,sepolia,,,,,,,,,,,,,,,,,,
chainstack-sepolia-pay-as-you-go-full-archive,!provider:chainstack-pay-as-you-go-full-archive,"[""[Buy](https://chainstack.com/pricing/)"",""[Docs](https://docs.chainstack.com/reference/arbitrum-getting-started)""]",,,,,,sepolia,,,,,,,,,,,,,,,,,,
chainstack-sepolia-pay-as-you-go-recent-state,!provider:chainstack-pay-as-you-go-recent-state,"[""[Buy](https://chainstack.com/pricing/)"",""[Docs](https://docs.chainstack.com/reference/arbitrum-getting-started)""]",,,,,,sepolia,,,,,,,,,,,,,,,,,,
dipdup-nova-enterprise-indexer,!provider:dipdup-enterprise-indexer,"[""[Website](https://dipdup.io/)"",""[Docs](https://dipdup.io/docs/supported-networks/arbitrum)""]",,,,,,nova,,,,,,,,,,,,,,,,,,
dipdup-nova-free-indexer,!provider:dipdup-free-indexer,"[""[Website](https://dipdup.io/)"",""[Docs](https://dipdup.io/docs/supported-networks/arbitrum)""]",,,,,,nova,,,,,,,,,,,,,,,,,,
dipdup-one-enterprise-indexer,!provider:dipdup-enterprise-indexer,"[""[Website](https://dipdup.io/)"",""[Docs](https://dipdup.io/docs/supported-networks/arbitrum)""]",,,,,,one,,,,,,,,,,,,,,,,,,
dipdup-one-free-indexer,!provider:dipdup-free-indexer,"[""[Website](https://dipdup.io/)"",""[Docs](https://dipdup.io/docs/supported-networks/arbitrum)""]",,,,,,one,,,,,,,,,,,,,,,,,,
dipdup-sepolia-enterprise-indexer,!provider:dipdup-enterprise-indexer,"[""[Website](https://dipdup.io/)"",""[Docs](https://dipdup.io/docs/supported-networks/arbitrum)""]",,,,,,sepolia,,,,,,,,,,,,,,,,,,
dipdup-sepolia-free-indexer,!provider:dipdup-free-indexer,"[""[Website](https://dipdup.io/)"",""[Docs](https://dipdup.io/docs/supported-networks/arbitrum)""]",,,,,,sepolia,,,,,,,,,,,,,,,,,,
drpc-nova-enterprise-full-archive,!provider:drpc-enterprise-full-archive,"[""[Contact](https://drpc.org/pricing)"",""[Docs](https://drpc.org/docs/arbitrum-api)""]",,,,,,nova,,,,,,,,,,,,,,,,,,
drpc-nova-enterprise-recent-state,!provider:drpc-enterprise-recent-state,"[""[Contact](https://drpc.org/pricing)"",""[Docs](https://drpc.org/docs/arbitrum-api)""]",,,,,,nova,,,,,,,,,,,,,,,,,,
drpc-nova-free-full-archive,!provider:drpc-free-full-archive,"[""[Website](https://drpc.org/chainlist/arbitrum-nova-mainnet-rpc)"",""[Docs](https://drpc.org/docs/arbitrum-api)""]",,,,,,nova,,,,,,,,,,,,,,,,,,
drpc-nova-free-recent-state,!provider:drpc-free-recent-state,"[""[Website](https://drpc.org/chainlist/arbitrum-nova-mainnet-rpc)"",""[Docs](https://drpc.org/docs/arbitrum-api)""]",,,,,,nova,,,,,,,,,,,,,,,,,,
drpc-nova-pay-as-you-go-full-archive,!provider:drpc-pay-as-you-go-full-archive,"[""[Buy](https://drpc.org/pricing)"",""[Docs](https://drpc.org/docs/arbitrum-api)""]",,,,,,nova,,,,,,,,,,,,,,,,,,
drpc-nova-pay-as-you-go-recent-state,!provider:drpc-pay-as-you-go-recent-state,"[""[Buy](https://drpc.org/pricing)"",""[Docs](https://drpc.org/docs/arbitrum-api)""]",,,,,,nova,,,,,,,,,,,,,,,,,,
drpc-one-enterprise-full-archive,!provider:drpc-enterprise-full-archive,"[""[Contact](https://drpc.org/pricing)"",""[Docs](https://drpc.org/docs/arbitrum-api)""]",,,,,,one,,,,,,,,,,,,,,,,,,
drpc-one-enterprise-recent-state,!provider:drpc-enterprise-recent-state,"[""[Contact](https://drpc.org/pricing)"",""[Docs](https://drpc.org/docs/arbitrum-api)""]",,,,,,one,,,,,,,,,,,,,,,,,,
drpc-one-free-full-archive,!provider:drpc-free-full-archive,"[""[Website](https://drpc.org/chainlist/arbitrum-mainnet-rpc)"",""[Docs](https://drpc.org/docs/arbitrum-api)""]",,,,,,one,,,,,,,,,,,,,,,,,,
drpc-one-free-recent-state,!provider:drpc-free-recent-state,"[""[Website](https://drpc.org/chainlist/arbitrum-mainnet-rpc)"",""[Docs](https://drpc.org/docs/arbitrum-api)""]",,,,,,one,,,,,,,,,,,,,,,,,,
drpc-one-pay-as-you-go-full-archive,!provider:drpc-pay-as-you-go-full-archive,"[""[Buy](https://drpc.org/pricing)"",""[Docs](https://drpc.org/docs/arbitrum-api)""]",,,,,,one,,,,,,,,,,,,,,,,,,
drpc-one-pay-as-you-go-recent-state,!provider:drpc-pay-as-you-go-recent-state,"[""[Buy](https://drpc.org/pricing)"",""[Docs](https://drpc.org/docs/arbitrum-api)""]",,,,,,one,,,,,,,,,,,,,,,,,,
drpc-sepolia-enterprise-full-archive,!provider:drpc-enterprise-full-archive,"[""[Contact](https://drpc.org/pricing)"",""[Docs](https://drpc.org/docs/arbitrum-api)""]",,,,,,sepolia,,,,,,,,,,,,,,,,,,
drpc-sepolia-enterprise-recent-state,!provider:drpc-enterprise-recent-state,"[""[Contact](https://drpc.org/pricing)"",""[Docs](https://drpc.org/docs/arbitrum-api)""]",,,,,,sepolia,,,,,,,,,,,,,,,,,,
drpc-sepolia-free-full-archive,!provider:drpc-free-full-archive,"[""[Website](https://drpc.org/chainlist/arbitrum-sepolia-rpc)"",""[Docs](https://drpc.org/docs/arbitrum-api)""]",,,,,,sepolia,,,,,,,,,,,,,,,,,,
drpc-sepolia-free-recent-state,!provider:drpc-free-recent-state,"[""[Website](https://drpc.org/chainlist/arbitrum-sepolia-rpc)"",""[Docs](https://drpc.org/docs/arbitrum-api)""]",,,,,,sepolia,,,,,,,,,,,,,,,,,,
drpc-sepolia-pay-as-you-go-full-archive,!provider:drpc-pay-as-you-go-full-archive,"[""[Buy](https://drpc.org/pricing)"",""[Docs](https://drpc.org/docs/arbitrum-api)""]",,,,,,sepolia,,,,,,,,,,,,,,,,,,
drpc-sepolia-pay-as-you-go-recent-state,!provider:drpc-pay-as-you-go-recent-state,"[""[Buy](https://drpc.org/pricing)"",""[Docs](https://drpc.org/docs/arbitrum-api)""]",,,,,,sepolia,,,,,,,,,,,,,,,,,,
dwellir-nova-enterprise-full-archive,!provider:dwellir-enterprise-full-archive,"[""[Contact](https://www.dwellir.com/contact)"",""[Docs](https://www.dwellir.com/docs/arbitrum)""]",,,,,,nova,,,,,,,,,,,,,,,,,,
dwellir-nova-enterprise-recent-state,!provider:dwellir-enterprise-recent-state,"[""[Contact](https://www.dwellir.com/contact)"",""[Docs](https://www.dwellir.com/docs/arbitrum)""]",,,,,,nova,,,,,,,,,,,,,,,,,,
dwellir-nova-free-full-archive,!provider:dwellir-free-full-archive,"[""[Website](https://www.dwellir.com/networks/arbitrum)"",""[Docs](https://www.dwellir.com/docs/arbitrum)""]",,,,,,nova,,,,,,,,,,,,,,,,,,
dwellir-nova-free-recent-state,!provider:dwellir-free-recent-state,"[""[Website](https://www.dwellir.com/networks/arbitrum)"",""[Docs](https://www.dwellir.com/docs/arbitrum)""]",,,,,,nova,,,,,,,,,,,,,,,,,,
dwellir-nova-pay-as-you-go-full-archive,!provider:dwellir-pay-as-you-go-full-archive,"[""[Buy](https://www.dwellir.com/pricing)"",""[Docs](https://www.dwellir.com/docs/arbitrum)""]",,,,,,nova,,,,,,,,,,,,,,,,,,
dwellir-nova-pay-as-you-go-recent-state,!provider:dwellir-pay-as-you-go-recent-state,"[""[Buy](https://www.dwellir.com/pricing)"",""[Docs](https://www.dwellir.com/docs/arbitrum)""]",,,,,,nova,,,,,,,,,,,,,,,,,,
dwellir-one-enterprise-full-archive,!provider:dwellir-enterprise-full-archive,"[""[Contact](https://www.dwellir.com/contact)"",""[Docs](https://www.dwellir.com/docs/arbitrum)""]",,,,,,one,,,,,,,,,,,,,,,,,,
dwellir-one-enterprise-recent-state,!provider:dwellir-enterprise-recent-state,"[""[Contact](https://www.dwellir.com/contact)"",""[Docs](https://www.dwellir.com/docs/arbitrum)""]",,,,,,one,,,,,,,,,,,,,,,,,,
dwellir-one-free-full-archive,!provider:dwellir-free-full-archive,"[""[Website](https://www.dwellir.com/networks/arbitrum)"",""[Docs](https://www.dwellir.com/docs/arbitrum)""]",,,,,,one,,,,,,,,,,,,,,,,,,
dwellir-one-free-recent-state,!provider:dwellir-free-recent-state,"[""[Website](https://www.dwellir.com/networks/arbitrum)"",""[Docs](https://www.dwellir.com/docs/arbitrum)""]",,,,,,one,,,,,,,,,,,,,,,,,,
dwellir-one-pay-as-you-go-full-archive,!provider:dwellir-pay-as-you-go-full-archive,"[""[Buy](https://www.dwellir.com/pricing)"",""[Docs](https://www.dwellir.com/docs/arbitrum)""]",,,,,,one,,,,,,,,,,,,,,,,,,
dwellir-one-pay-as-you-go-recent-state,!provider:dwellir-pay-as-you-go-recent-state,"[""[Buy](https://www.dwellir.com/pricing)"",""[Docs](https://www.dwellir.com/docs/arbitrum)""]",,,,,,one,,,,,,,,,,,,,,,,,,
dwellir-sepolia-enterprise-full-archive,!provider:dwellir-enterprise-full-archive,"[""[Contact](https://www.dwellir.com/contact)"",""[Docs](https://www.dwellir.com/docs/arbitrum)""]",,,,,,sepolia,,,,,,,,,,,,,,,,,,
dwellir-sepolia-enterprise-recent-state,!provider:dwellir-enterprise-recent-state,"[""[Contact](https://www.dwellir.com/contact)"",""[Docs](https://www.dwellir.com/docs/arbitrum)""]",,,,,,sepolia,,,,,,,,,,,,,,,,,,
dwellir-sepolia-free-full-archive,!provider:dwellir-free-full-archive,"[""[Website](https://www.dwellir.com/networks/arbitrum)"",""[Docs](https://www.dwellir.com/docs/arbitrum)""]",,,,,,sepolia,,,,,,,,,,,,,,,,,,
dwellir-sepolia-free-recent-state,!provider:dwellir-free-recent-state,"[""[Website](https://www.dwellir.com/networks/arbitrum)"",""[Docs](https://www.dwellir.com/docs/arbitrum)""]",,,,,,sepolia,,,,,,,,,,,,,,,,,,
dwellir-sepolia-pay-as-you-go-full-archive,!provider:dwellir-pay-as-you-go-full-archive,"[""[Buy](https://www.dwellir.com/pricing)"",""[Docs](https://www.dwellir.com/docs/arbitrum)""]",,,,,,sepolia,,,,,,,,,,,,,,,,,,
dwellir-sepolia-pay-as-you-go-recent-state,!provider:dwellir-pay-as-you-go-recent-state,"[""[Buy](https://www.dwellir.com/pricing)"",""[Docs](https://www.dwellir.com/docs/arbitrum)""]",,,,,,sepolia,,,,,,,,,,,,,,,,,,
envio-nova-dedicated-indexer,!provider:envio-dedicated-indexer,"[""[Contact](https://discord.com/invite/envio)"",""[Docs](https://docs.envio.dev/docs/HyperIndex/arbitrum-nova)""]",,,,,,nova,,,,,,,,,,,,,,,,,,
envio-nova-free-indexer,!provider:envio-free-indexer,"[""[Website](https://envio.dev/)"",""[Docs](https://docs.envio.dev/docs/HyperIndex/arbitrum-nova)""]",,,,,,nova,,,,,,,,,,,,,,,,,,
envio-nova-pay-as-you-go-indexer,!provider:envio-pay-as-you-go-indexer,"[""[Buy](https://envio.dev/pricing)"",""[Docs](https://docs.envio.dev/docs/HyperIndex/arbitrum-nova)""]",,,,,,nova,,,,,,,,,,,,,,,,,,
envio-one-dedicated-indexer,!provider:envio-dedicated-indexer,"[""[Contact](https://discord.com/invite/envio)"",""[Docs](https://docs.envio.dev/docs/HyperIndex/arbitrum)""]",,,,,,one,,,,,,,,,,,,,,,,,,
envio-one-free-indexer,!provider:envio-free-indexer,"[""[Website](https://envio.dev/)"",""[Docs](https://docs.envio.dev/docs/HyperIndex/arbitrum)""]",,,,,,one,,,,,,,,,,,,,,,,,,
envio-one-pay-as-you-go-indexer,!provider:envio-pay-as-you-go-indexer,"[""[Buy](https://envio.dev/pricing)"",""[Docs](https://docs.envio.dev/docs/HyperIndex/arbitrum)""]",,,,,,one,,,,,,,,,,,,,,,,,,
envio-sepolia-dedicated-indexer,!provider:envio-dedicated-indexer,"[""[Contact](https://discord.com/invite/envio)"",""[Docs](https://docs.envio.dev/docs/HyperIndex/arbitrum-sepolia)""]",,,,,,sepolia,,,,,,,,,,,,,,,,,,
envio-sepolia-free-indexer,!provider:envio-free-indexer,"[""[Website](https://envio.dev/)"",""[Docs](https://docs.envio.dev/docs/HyperIndex/arbitrum-sepolia)""]",,,,,,sepolia,,,,,,,,,,,,,,,,,,
envio-sepolia-pay-as-you-go-indexer,!provider:envio-pay-as-you-go-indexer,"[""[Buy](https://envio.dev/pricing)"",""[Docs](https://docs.envio.dev/docs/HyperIndex/arbitrum-sepolia)""]",,,,,,sepolia,,,,,,,,,,,,,,,,,,
getblock-one-dedicated-full-archive,!provider:getblock-dedicated-full-archive,"[""[Contact](https://account.getblock.io/sign-up)"",""[Docs](https://docs.getblock.io/api-reference/arbitrum-arb)""]",,,,,,one,,,,,,,,,,,,,,,,,,
getblock-one-dedicated-recent-state,!provider:getblock-dedicated-recent-state,"[""[Contact](https://account.getblock.io/sign-up)"",""[Docs](https://docs.getblock.io/api-reference/arbitrum-arb)""]",,,,,,one,,,,,,,,,,,,,,,,,,
getblock-one-enterprise-full-archive,!provider:getblock-enterprise-full-archive,"[""[Contact](https://account.getblock.io/sign-up)"",""[Docs](https://docs.getblock.io/api-reference/arbitrum-arb)""]",,,,,,one,,,,,,,,,,,,,,,,,,
getblock-one-enterprise-recent-state,!provider:getblock-enterprise-recent-state,"[""[Contact](https://account.getblock.io/sign-up)"",""[Docs](https://docs.getblock.io/api-reference/arbitrum-arb)""]",,,,,,one,,,,,,,,,,,,,,,,,,
getblock-one-free-recent-state,!provider:getblock-free-recent-state,"[""[Website](https://getblock.io/nodes/arb/)"",""[Docs](https://docs.getblock.io/api-reference/arbitrum-arb)""]",,,,,,one,,,,,,,,,,,,,,,,,,
getblock-one-pay-as-you-go-full-archive,!provider:getblock-pay-as-you-go-full-archive,"[""[Buy](https://getblock.io/pricing/)"",""[Docs](https://docs.getblock.io/api-reference/arbitrum-arb)""]",,,,,,one,,,,,,,,,,,,,,,,,,
getblock-one-pay-as-you-go-recent-state,!provider:getblock-pay-as-you-go-recent-state,"[""[Buy](https://getblock.io/pricing/)"",""[Docs](https://docs.getblock.io/api-reference/arbitrum-arb)""]",,,,,,one,,,,,,,,,,,,,,,,,,
getblock-sepolia-dedicated-full-archive,!provider:getblock-dedicated-full-archive,"[""[Contact](https://account.getblock.io/sign-up)"",""[Docs](https://docs.getblock.io/api-reference/arbitrum-arb)""]",,,,,,sepolia,,,,,,,,,,,,,,,,,,
getblock-sepolia-dedicated-recent-state,!provider:getblock-dedicated-recent-state,"[""[Contact](https://account.getblock.io/sign-up)"",""[Docs](https://docs.getblock.io/api-reference/arbitrum-arb)""]",,,,,,sepolia,,,,,,,,,,,,,,,,,,
getblock-sepolia-enterprise-full-archive,!provider:getblock-enterprise-full-archive,"[""[Contact](https://account.getblock.io/sign-up)"",""[Docs](https://docs.getblock.io/api-reference/arbitrum-arb)""]",,,,,,sepolia,,,,,,,,,,,,,,,,,,
getblock-sepolia-enterprise-recent-state,!provider:getblock-enterprise-recent-state,"[""[Contact](https://account.getblock.io/sign-up)"",""[Docs](https://docs.getblock.io/api-reference/arbitrum-arb)""]",,,,,,sepolia,,,,,,,,,,,,,,,,,,
getblock-sepolia-free-recent-state,!provider:getblock-free-recent-state,"[""[Website](https://getblock.io/nodes/arb/)"",""[Docs](https://docs.getblock.io/api-reference/arbitrum-arb)""]",,,,,,sepolia,,,,,,,,,,,,,,,,,,
getblock-sepolia-pay-as-you-go-full-archive,!provider:getblock-pay-as-you-go-full-archive,"[""[Buy](https://getblock.io/pricing/)"",""[Docs](https://docs.getblock.io/api-reference/arbitrum-arb)""]",,,,,,sepolia,,,,,,,,,,,,,,,,,,
getblock-sepolia-pay-as-you-go-recent-state,!provider:getblock-pay-as-you-go-recent-state,"[""[Buy](https://www.infura.io/pricing)"",""[Docs](https://docs.metamask.io/services/reference/arbitrum/)""]",,,,,,sepolia,,,,,,,,,,,,,,,,,,
goldrush-nova-enterprise-indexer,!provider:goldrush-enterprise-indexer,"[""[Contact](https://goldrush.dev/pricing/)"",""[Docs](https://goldrush.dev/docs/chains/arbitrum-nova)""]",,,,,,nova,,,,,,,,,,,,,,,,,,
goldrush-nova-free-indexer,!provider:goldrush-free-indexer,"[""[Website](https://goldrush.dev/)"",""[Docs](https://goldrush.dev/docs/chains/arbitrum-nova)""]",,,,,,nova,,,,,,,,,,,,,,,,,,
goldrush-nova-pay-as-you-go-indexer,!provider:goldrush-pay-as-you-go-indexer,"[""[Buy](https://goldrush.dev/pricing/)"",""[Docs](https://goldrush.dev/docs/chains/arbitrum-nova)""]",,,,,,nova,,,,,,,,,,,,,,,,,,
goldrush-one-enterprise-indexer,!provider:goldrush-enterprise-indexer,"[""[Contact](https://goldrush.dev/pricing/)"",""[Docs](https://goldrush.dev/docs/chains/arbitrum)""]",,,,,,one,,,,,,,,,,,,,,,,,,
goldrush-one-free-indexer,!provider:goldrush-free-indexer,"[""[Website](https://goldrush.dev/)"",""[Docs](https://goldrush.dev/docs/chains/arbitrum)""]",,,,,,one,,,,,,,,,,,,,,,,,,
goldrush-one-pay-as-you-go-indexer,!provider:goldrush-pay-as-you-go-indexer,"[""[Buy](https://goldrush.dev/pricing/)"",""[Docs](https://goldrush.dev/docs/chains/arbitrum)""]",,,,,,one,,,,,,,,,,,,,,,,,,
goldrush-sepolia-enterprise-indexer,!provider:goldrush-enterprise-indexer,"[""[Contact](https://goldrush.dev/pricing/)"",""[Docs](https://goldrush.dev/docs/chains/arbitrum#chain-name)""]",,,,,,sepolia,,,,,,,,,,,,,,,,,,
goldrush-sepolia-free-indexer,!provider:goldrush-free-indexer,"[""[Website](https://goldrush.dev/)"",""[Docs](https://goldrush.dev/docs/chains/arbitrum#chain-name)""]",,,,,,sepolia,,,,,,,,,,,,,,,,,,
goldrush-sepolia-pay-as-you-go-indexer,!provider:goldrush-pay-as-you-go-indexer,"[""[Buy](https://goldrush.dev/pricing/)"",""[Docs](https://goldrush.dev/docs/chains/arbitrum#chain-name)""]",,,,,,sepolia,,,,,,,,,,,,,,,,,,
goldsky-nova-enterprise-indexer,!provider:goldsky-enterprise-indexer,"[""[Contact](https://goldsky.com/pricing)"",""[Docs](https://docs.goldsky.com/mirror/guides/token-transfers/stablecoin-addresses#arbitrum)""]",,,,,,nova,,,,,,,,,,,,,,,,,,
goldsky-nova-free-indexer,!provider:goldsky-free-indexer,"[""[Website](https://goldsky.com/chains/arbitrum-nova)"",""[Docs](https://docs.goldsky.com/introduction)""]",,,,,,nova,,,,,,,,,,,,,,,,,,
goldsky-nova-pay-as-you-go-indexer,!provider:goldsky-pay-as-you-go-indexer,"[""[Buy](https://goldsky.com/pricing)"",""[Docs](https://docs.goldsky.com/mirror/guides/token-transfers/stablecoin-addresses#arbitrum)""]",,,,,,nova,,,,,,,,,,,,,,,,,,
goldsky-one-enterprise-indexer,!provider:goldsky-enterprise-indexer,"[""[Contact](https://goldsky.com/pricing)"",""[Docs](https://docs.goldsky.com/mirror/guides/token-transfers/stablecoin-addresses#arbitrum)""]",,,,,,one,,,,,,,,,,,,,,,,,,
goldsky-one-free-indexer,!provider:goldsky-free-indexer,"[""[Website](https://goldsky.com/chains/arbitrum-one)"",""[Docs](https://docs.goldsky.com/introduction)""]",,,,,,one,,,,,,,,,,,,,,,,,,
goldsky-one-pay-as-you-go-indexer,!provider:goldsky-pay-as-you-go-indexer,"[""[Buy](https://goldsky.com/pricing)"",""[Docs](https://docs.goldsky.com/mirror/guides/token-transfers/stablecoin-addresses#arbitrum)""]",,,,,,one,,,,,,,,,,,,,,,,,,
goldsky-sepolia-enterprise-indexer,!provider:goldsky-enterprise-indexer,"[""[Contact](https://goldsky.com/pricing)"",""[Docs](https://docs.goldsky.com/mirror/guides/token-transfers/stablecoin-addresses#arbitrum)""]",,,,,,sepolia,,,,,,,,,,,,,,,,,,
goldsky-sepolia-free-indexer,!provider:goldsky-free-indexer,"[""[Website](https://goldsky.com/chains/arbitrum-one)"",""[Docs](https://docs.goldsky.com/introduction)""]",,,,,,sepolia,,,,,,,,,,,,,,,,,,
goldsky-sepolia-pay-as-you-go-indexer,!provider:goldsky-pay-as-you-go-indexer,"[""[Buy](https://goldsky.com/pricing)"",""[Docs](https://docs.goldsky.com/mirror/guides/token-transfers/stablecoin-addresses#arbitrum)""]",,,,,,sepolia,,,,,,,,,,,,,,,,,,
indexing-co-nova-enterprise-indexer,!provider:indexing-co-enterprise-indexer,"[""[Docs](https://docs.indexing.co/networks/arbitrum_nova)""]",,,,,,nova,,,,,,,,,,,,,,,,,,
indexing-co-nova-free-indexer,!provider:indexing-co-free-indexer,"[""[Docs](https://docs.indexing.co/networks/arbitrum_nova)""]",,,,,,nova,,,,,,,,,,,,,,,,,,
indexing-co-nova-pay-as-you-go-indexer,!provider:indexing-co-pay-as-you-go-indexer,"[""[Docs](https://docs.indexing.co/networks/arbitrum_nova)""]",,,,,,nova,,,,,,,,,,,,,,,,,,
indexing-co-one-enterprise-indexer,!provider:indexing-co-enterprise-indexer,"[""[Docs](https://docs.indexing.co/networks/arbitrum)""]",,,,,,one,,,,,,,,,,,,,,,,,,
indexing-co-one-free-indexer,!provider:indexing-co-free-indexer,"[""[Docs](https://docs.indexing.co/networks/arbitrum)""]",,,,,,one,,,,,,,,,,,,,,,,,,
indexing-co-one-pay-as-you-go-indexer,!provider:indexing-co-pay-as-you-go-indexer,"[""[Docs](https://docs.indexing.co/networks/arbitrum)""]",,,,,,one,,,,,,,,,,,,,,,,,,
infura-one-enterprise-full-archive,!provider:infura-enterprise-full-archive,"[""[Contact](https://www.infura.io/contact)"",""[Docs](https://docs.metamask.io/services/reference/arbitrum/)""]",,,,,,one,,,,,,,,,,,,,,,,,,
infura-one-enterprise-recent-state,!provider:infura-enterprise-recent-state,"[""[Contact](https://www.infura.io/contact)"",""[Docs](https://docs.metamask.io/services/reference/arbitrum/)""]",,,,,,one,,,,,,,,,,,,,,,,,,
infura-one-free-full-archive,!provider:infura-free-full-archive,"[""[Website](https://www.infura.io/networks/ethereum/arbitrum)"",""[Docs](https://docs.metamask.io/services/reference/arbitrum/)""]",,,,,,one,,,,,,,,,,,,,,,,,,
infura-one-free-recent-state,!provider:infura-free-recent-state,"[""[Website](https://www.infura.io/networks/ethereum/arbitrum)"",""[Docs](https://docs.metamask.io/services/reference/arbitrum/)""]",,,,,,one,,,,,,,,,,,,,,,,,,
infura-one-pay-as-you-go-full-archive,!provider:infura-pay-as-you-go-full-archive,"[""[Buy](https://www.infura.io/pricing)"",""[Docs](https://docs.metamask.io/services/reference/arbitrum/)""]",,,,,,one,,,,,,,,,,,,,,,,,,
infura-one-pay-as-you-go-recent-state,!provider:infura-pay-as-you-go-recent-state,"[""[Buy](https://www.infura.io/pricing)"",""[Docs](https://docs.metamask.io/services/reference/arbitrum/)""]",,,,,,one,,,,,,,,,,,,,,,,,,
infura-sepolia-enterprise-full-archive,!provider:infura-enterprise-full-archive,"[""[Contact](https://www.infura.io/contact)"",""[Docs](https://docs.metamask.io/services/reference/arbitrum/)""]",,,,,,sepolia,,,,,,,,,,,,,,,,,,
infura-sepolia-enterprise-recent-state,!provider:infura-enterprise-recent-state,"[""[Contact](https://www.infura.io/contact)"",""[Docs](https://docs.metamask.io/services/reference/arbitrum/)""]",,,,,,sepolia,,,,,,,,,,,,,,,,,,
infura-sepolia-free-full-archive,!provider:infura-free-full-archive,"[""[Website](https://www.infura.io/networks/ethereum/arbitrum)"",""[Docs](https://docs.metamask.io/services/reference/arbitrum/)""]",,,,,,sepolia,,,,,,,,,,,,,,,,,,
infura-sepolia-free-recent-state,!provider:infura-free-recent-state,"[""[Website](https://www.infura.io/networks/ethereum/arbitrum)"",""[Docs](https://docs.metamask.io/services/reference/arbitrum/)""]",,,,,,sepolia,,,,,,,,,,,,,,,,,,
infura-sepolia-pay-as-you-go-full-archive,!provider:infura-pay-as-you-go-full-archive,"[""[Buy](https://www.infura.io/pricing)"",""[Docs](https://docs.metamask.io/services/reference/arbitrum/)""]",,,,,,sepolia,,,,,,,,,,,,,,,,,,
infura-sepolia-pay-as-you-go-recent-state,!provider:infura-pay-as-you-go-recent-state,"[""[Buy](https://www.infura.io/pricing)"",""[Docs](https://docs.metamask.io/services/reference/arbitrum/)""]",,,,,,sepolia,,,,,,,,,,,,,,,,,,
lavanetwork-public-one,!provider:lavanetwork-public-recent-state,"[""[Send requests](https://arbitrum.lava.build/)"",""[Docs](https://docs.lavanet.xyz/public-rpc-endpoints/#arbitrum)""]",,,,,,one,,,,,,,,,,,,,,,,,,
lavanetwork-public-sepolia,!provider:lavanetwork-public-recent-state,"[""[Send requests](https://arbitrums.lava.build/)"",""[Docs](https://docs.lavanet.xyz/public-rpc-endpoints/#arbitrum)""]",,,,,,sepolia,,,,,,,,,,,,,,,,,,
mobula-nova-enterprise-indexer,!provider:mobula-pay-as-you-go-indexer,"[""[Contact](https://t.me/mobuladevelopers?start=Enterprise)"",""[Docs](https://docs.mobula.io/blockchains/arbitrum-nova)""]",,,,,,nova,,,,,,,,,,,,,,,,,,
mobula-nova-free-indexer,!provider:mobula-free-indexer,"[""[Website](https://mobula.io/)"",""[Docs](https://docs.mobula.io/blockchains/arbitrum)""]",,,,,,nova,,,,,,,,,,,,,,,,,,
mobula-nova-pay-as-you-go-indexer,!provider:mobula-pay-as-you-go-indexer,"[""[Buy](https://docs.mobula.io/pricing)"",""[Docs](https://docs.mobula.io/blockchains/arbitrum-nova)""]",,,,,,nova,,,,,,,,,,,,,,,,,,
mobula-one-enterprise-indexer,!provider:mobula-enterprise-indexer,"[""[Contact](https://t.me/mobuladevelopers?start=Enterprise)"",""[Docs](https://docs.mobula.io/blockchains/arbitrum)""]",,,,,,one,,,,,,,,,,,,,,,,,,
mobula-one-free-indexer,!provider:mobula-free-indexer,"[""[Website](https://mobula.io/)"",""[Docs](https://docs.mobula.io/blockchains/arbitrum)""]",,,,,,one,,,,,,,,,,,,,,,,,,
mobula-one-pay-as-you-go-indexer,!provider:mobula-pay-as-you-go-indexer,"[""[Buy](https://docs.mobula.io/pricing)"",""[Docs](https://docs.mobula.io/blockchains/arbitrum)""]",,,,,,one,,,,,,,,,,,,,,,,,,
nownodes-one-dedicated-recent-state,!provider:nownodes-dedicated-recent-state,"[""[Contact](https://account.nownodes.io/auth/login)"",""[Docs](https://nownodes.gitbook.io/arb-arbitrum)""]",,,,,,one,,,,,,,,,,,,,,,,,,
nownodes-one-enterprise-recent-state,!provider:nownodes-enterprise-recent-state,"[""[Contact](https://account.nownodes.io/auth/login)"",""[Docs](https://nownodes.gitbook.io/arb-arbitrum)""]",,,,,,one,,,,,,,,,,,,,,,,,,
nownodes-one-free-recent-state,!provider:nownodes-free-recent-state,"[""[Website](https://nownodes.io/nodes/arbitrum-arb)"",""[Docs](https://nownodes.gitbook.io/arb-arbitrum)""]",,,,,,one,,,,,,,,,,,,,,,,,,
nownodes-one-pay-as-you-go-recent-state,!provider:nownodes-pay-as-you-go-recent-state,"[""[Buy](https://nownodes.io/pricing)"",""[Docs](https://nownodes.gitbook.io/arb-arbitrum)""]",,,,,,one,,,,,,,,,,,,,,,,,,
onfinality-one-enterprise-full-archive,!provider:onfinality-enterprise-full-archive,"[""[Contact](https://onfinality.io/en/pricing)"",""[Docs](https://documentation.onfinality.io/support/arbitrum)""]",,,,,,one,,,,,,,,,,,,,,,,,,
onfinality-one-enterprise-indexer,!provider:onfinality-enterprise-indexer,"[""[Contact](https://indexing.onfinality.io/pricing)"",""[Docs](https://documentation.onfinality.io/support/pricing)""]",,,,,,one,,,,,,,,,,,,,,,,,,
onfinality-one-enterprise-trace,!provider:onfinality-enterprise-trace,"[""[Contact](https://onfinality.io/en/pricing)"",""[Docs](https://documentation.onfinality.io/support/arbitrum)""]",,,,,,one,,,,,,,,,,,,,,,,,,
onfinality-one-free-full-archive,!provider:onfinality-free-full-archive,"[""[Website](https://onfinality.io/en/networks/arbitrum)"",""[Docs](https://documentation.onfinality.io/support/arbitrum)""]",,,,,,one,,,,,,,,,,,,,,,,,,
onfinality-one-free-indexer,!provider:onfinality-free-indexer,"[""[Website](https://onfinality.io/en/networks/arbitrum)"",""[Docs](https://documentation.onfinality.io/support/deploy-an-arbitrum-subquery-indexer-on-onfinality)""]",,,,,,one,,,,,,,,,,,,,,,,,,
onfinality-one-pay-as-you-go-full-archive,!provider:onfinality-pay-as-you-go-full-archive,"[""[Buy](https://onfinality.io/en/pricing)"",""[Docs](https://documentation.onfinality.io/support/arbitrum)""]",,,,,,one,,,,,,,,,,,,,,,,,,
onfinality-one-pay-as-you-go-indexer,!provider:onfinality-pay-as-you-go-indexer,"[""[Buy](https://indexing.onfinality.io/pricing)"",""[Docs](https://documentation.onfinality.io/support/pricing)""]",,,,,,one,,,,,,,,,,,,,,,,,,
onfinality-one-pay-as-you-go-trace,!provider:onfinality-pay-as-you-go-trace,"[""[Buy](https://onfinality.io/en/pricing)"",""[Docs](https://documentation.onfinality.io/support/arbitrum)""]",,,,,,one,,,,,,,,,,,,,,,,,,
onfinality-sepolia-enterprise-full-archive,!provider:onfinality-enterprise-full-archive,"[""[Contact](https://onfinality.io/en/pricing)"",""[Docs](https://documentation.onfinality.io/support/arbitrum)""]",,,,,,sepolia,,,,,,,,,,,,,,,,,,
onfinality-sepolia-enterprise-indexer,!provider:onfinality-enterprise-indexer,"[""[Contact](https://indexing.onfinality.io/pricing)"",""[Docs](https://documentation.onfinality.io/support/pricing)""]",,,,,,sepolia,,,,,,,,,,,,,,,,,,
onfinality-sepolia-enterprise-trace,!provider:onfinality-enterprise-trace,"[""[Contact](https://onfinality.io/en/pricing)"",""[Docs](https://documentation.onfinality.io/support/arbitrum)""]",,,,,,sepolia,,,,,,,,,,,,,,,,,,
onfinality-sepolia-free-full-archive,!provider:onfinality-free-full-archive,"[""[Website](https://onfinality.io/en/networks/arbitrum)"",""[Docs](https://documentation.onfinality.io/support/arbitrum)""]",,,,,,sepolia,,,,,,,,,,,,,,,,,,
onfinality-sepolia-free-indexer,!provider:onfinality-free-indexer,"[""[Website](https://onfinality.io/en/networks/arbitrum)"",""[Docs](https://documentation.onfinality.io/support/arbitrum)""]",,,,,,sepolia,,,,,,,,,,,,,,,,,,
onfinality-sepolia-pay-as-you-go-full-archive,!provider:onfinality-pay-as-you-go-full-archive,"[""[Buy](https://onfinality.io/en/pricing)"",""[Docs](https://documentation.onfinality.io/support/arbitrum)""]",,,,,,sepolia,,,,,,,,,,,,,,,,,,
onfinality-sepolia-pay-as-you-go-indexer,!provider:onfinality-pay-as-you-go-indexer,"[""[Buy](https://indexing.onfinality.io/pricing)"",""[Docs](https://documentation.onfinality.io/support/pricing)""]",,,,,,sepolia,,,,,,,,,,,,,,,,,,
onfinality-sepolia-pay-as-you-go-trace,!provider:onfinality-pay-as-you-go-trace,"[""[Buy](https://onfinality.io/en/pricing)"",""[Docs](https://documentation.onfinality.io/support/arbitrum)""]",,,,,,sepolia,,,,,,,,,,,,,,,,,,
ormi-one-enterprise-indexer,!provider:ormi-enterprise-indexer,"[""[Contact](https://calendly.com/ormilabs)"",""[Docs](https://ormilabs.com/chain-list/arbitrum-one/)""]",,,,,,one,,,,,,,,,,,,,,,,,,
ormi-one-free-indexer,!provider:ormi-free-indexer,"[""[Website](https://ormilabs.com/chain-list/arbitrum-one/)"",""[Docs](https://ormilabs.com/chain-list/arbitrum-one/)""]",,,,,,one,,,,,,,,,,,,,,,,,,
ormi-one-pay-as-you-go-indexer,!provider:ormi-pay-as-you-go-indexer,"[""[Buy](https://ormilabs.com/pricing)"",""[Docs](https://ormilabs.com/chain-list/arbitrum-one/)""]",,,,,,one,,,,,,,,,,,,,,,,,,
ormi-sepolia-enterprise-indexer,!provider:ormi-enterprise-indexer,"[""[Contact](https://calendly.com/ormilabs)"",""[Docs](https://ormilabs.com/chain-list/arbitrum-one/)""]",,,,,,sepolia,,,,,,,,,,,,,,,,,,
ormi-sepolia-free-indexer,!provider:ormi-free-indexer,"[""[Website](https://ormilabs.com/chain-list/arbitrum-one/)"",""[Docs](https://ormilabs.com/chain-list/arbitrum-one/)""]",,,,,,sepolia,,,,,,,,,,,,,,,,,,
ormi-sepolia-pay-as-you-go-indexer,!provider:ormi-pay-as-you-go-indexer,"[""[Buy](https://ormilabs.com/pricing)"",""[Docs](https://ormilabs.com/chain-list/arbitrum-one/)""]",,,,,,sepolia,,,,,,,,,,,,,,,,,,
publicnode-nova-public-recent-state,!provider:publicnode-public-recent-state,"[""[Website](https://arbitrum-nova-rpc.publicnode.com)""]",,,,,,nova,,,,,,,,,,,,,,,,,,
publicnode-one-public-recent-state,!provider:publicnode-public-recent-state,"[""[Website](https://arbitrum-one-rpc.publicnode.com)""]",,,,,,one,,,,,,,,,,,,,,,,,,
publicnode-sepolia-public-recent-state,!provider:publicnode-public-recent-state,"[""[Website](https://arbitrum-one-rpc.publicnode.com)""]",,,,,,sepolia,,,,,,,,,,,,,,,,,,
rpcfast-one-enterprise-full-archive,!provider:rpcfast-enterprise-full-archive,"[""[Website](https://rpcfast.com/dedicated-arbitrum-nodes)"",""[Docs](https://docs.rpcfast.com)"",""[Contact](https://docs.rpcfast.com/contacts-and-support/contacts)""]",,,,,,one,,,,,,,,,,,,,,,,,,
rpcfast-one-free-recent-state,!provider:rpcfast-free-recent-state,"[""[Website](https://rpcfast.com/dedicated-arbitrum-nodes)"",""[Docs](https://docs.rpcfast.com)"",""[Contact](https://docs.rpcfast.com/contacts-and-support/contacts)""]",,,,,,one,,,,,,,,,,,,,,,,,,
sqd-nova-free-indexer,!provider:sqd-free-indexer,"[""[Website](https://www.sqd.ai/)"",""[Docs](https://docs.sqd.ai/subsquid-network/reference/networks/#evm--ethereum-compatible)""]",,,,,,nova,,,,,,,,,,,,,,,,,,
sqd-nova-pay-as-you-go-indexer,!provider:sqd-pay-as-you-go-indexer,"[""[Buy](https://docs.sqd.ai/cloud/pricing/)"",""[Docs](https://docs.sqd.ai/subsquid-network/reference/networks/#evm--ethereum-compatible)""]",,,,,,nova,,,,,,,,,,,,,,,,,,
sqd-one-free-indexer,!provider:sqd-free-indexer,"[""[Website](https://www.sqd.ai/)"",""[Docs](https://docs.sqd.ai/subsquid-network/reference/networks/#evm--ethereum-compatible)""]",,,,,,one,,,,,,,,,,,,,,,,,,
sqd-one-pay-as-you-go-indexer,!provider:sqd-pay-as-you-go-indexer,"[""[Buy](https://docs.sqd.ai/cloud/pricing/)"",""[Docs](https://docs.sqd.ai/subsquid-network/reference/networks/#evm--ethereum-compatible)""]",,,,,,one,,,,,,,,,,,,,,,,,,
sqd-sepolia-free-indexer,!provider:sqd-free-indexer,"[""[Website](https://www.sqd.ai/)"",""[Docs](https://docs.sqd.ai/subsquid-network/reference/networks/#evm--ethereum-compatible)""]",,,,,,sepolia,,,,,,,,,,,,,,,,,,
sqd-sepolia-pay-as-go-indexer,!provider:sqd-pay-as-you-go-indexer,"[""[Buy](https://docs.sqd.ai/cloud/pricing/)"",""[Docs](https://docs.sqd.ai/subsquid-network/reference/networks/#evm--ethereum-compatible)""]",,,,,,sepolia,,,,,,,,,,,,,,,,,,
subquery-one-pay-as-you-go-full-archive,!provider:subquery-pay-as-you-go-full-archive,"[""[Website](https://app.subquery.network/explorer/project/0x23/overview)"",""[Docs](https://subquery.network/doc/subquery_network/node_operators/introduction.html)""]",,,,,,one,,,,,,,,,,,,,,,,,,
subquery-one-pay-as-you-go-indexer,!provider:subquery-pay-as-you-go-indexer,"[""[Buy](https://subquery.network/doc/subquery_network/node_operators/plans.html#creating-a-fixed-price-plan)"",""[Docs](https://subquery.network/doc/indexer/quickstart/quickstart_chains/arbitrum.html)""]",,,,,,one,,,,,,,,,,,,,,,,,,
subquery-one-public-full-archive,!provider:subquery-public-full-archive,"[""[Website](https://app.subquery.network/explorer/project/0x23/overview)"",""[Docs](https://subquery.network/doc/subquery_network/node_operators/introduction.html)""]",,,,,,one,,,,,,,,,,,,,,,,,,
tatum-nova-enterprise-full-archive,!provider:tatum-enterprise-full-archive,"[""[Contact](https://tatum.io/get-in-touch)"",""[Docs](https://docs.tatum.io/reference/rpc-arbitrum-nova)""]",,,,,,nova,,,,,,,,,,,,,,,,,,
tatum-nova-enterprise-recent-state,!provider:tatum-enterprise-recent-state,"[""[Contact](https://tatum.io/get-in-touch)"",""[Docs](https://docs.tatum.io/reference/rpc-arbitrum-nova)""]",,,,,,nova,,,,,,,,,,,,,,,,,,
tatum-nova-free-recent-state,!provider:tatum-free-recent-state,"[""[Website](https://tatum.io/chain/arbitrum-nova)"",""[Docs](https://docs.tatum.io/reference/rpc-arbitrum-nova)""]",,,,,,nova,,,,,,,,,,,,,,,,,,
tatum-nova-pay-as-you-go-full-archive,!provider:tatum-pay-as-you-go-full-archive,"[""[Buy](https://tatum.io/pricing)"",""[Docs](https://docs.tatum.io/reference/rpc-arbitrum-nova)""]",,,,,,nova,,,,,,,,,,,,,,,,,,
tatum-nova-pay-as-you-go-recent-state,!provider:tatum-pay-as-you-go-recent-state,"[""[Buy](https://tatum.io/pricing)"",""[Docs](https://docs.tatum.io/reference/rpc-arbitrum-nova)""]",,,,,,nova,,,,,,,,,,,,,,,,,,
tatum-one-enterprise-full-archive,!provider:tatum-enterprise-full-archive,"[""[Contact](https://tatum.io/get-in-touch)"",""[Docs](https://docs.tatum.io/reference/rpc-arbitrum)""]",,,,,,one,,,,,,,,,,,,,,,,,,
tatum-one-enterprise-recent-state,!provider:tatum-enterprise-recent-state,"[""[Contact](https://tatum.io/get-in-touch)"",""[Docs](https://docs.tatum.io/reference/rpc-arbitrum)""]",,,,,,one,,,,,,,,,,,,,,,,,,
tatum-one-free-recent-state,!provider:tatum-free-recent-state,"[""[Website](https://tatum.io/chain/arbitrum-one)"",""[Docs](https://docs.tatum.io/reference/rpc-arbitrum)""]",,,,,,one,,,,,,,,,,,,,,,,,,
tatum-one-pay-as-you-go-full-archive,!provider:tatum-pay-as-you-go-full-archive,"[""[Buy](https://tatum.io/pricing)"",""[Docs](https://docs.tatum.io/reference/rpc-arbitrum)""]",,,,,,one,,,,,,,,,,,,,,,,,,
tatum-one-pay-as-you-go-recent-state,!provider:tatum-pay-as-you-go-recent-state,"[""[Buy](https://tatum.io/pricing)"",""[Docs](https://docs.tatum.io/reference/rpc-arbitrum)""]",,,,,,one,,,,,,,,,,,,,,,,,,
tatum-sepolia-enterprise-full-archive,!provider:tatum-enterprise-full-archive,"[""[Contact](https://tatum.io/get-in-touch)"",""[Docs](https://docs.tatum.io/reference/rpc-arbitrum)""]",,,,,,sepolia,,,,,,,,,,,,,,,,,,
tatum-sepolia-enterprise-recent-state,!provider:tatum-enterprise-recent-state,"[""[Contact](https://tatum.io/get-in-touch)"",""[Docs](https://docs.tatum.io/reference/rpc-arbitrum)""]",,,,,,sepolia,,,,,,,,,,,,,,,,,,
tatum-sepolia-free-recent-state,!provider:tatum-free-recent-state,"[""[Website](https://tatum.io/chain/arbitrum-one)"",""[Docs](https://docs.tatum.io/reference/rpc-arbitrum)""]",,,,,,sepolia,,,,,,,,,,,,,,,,,,
tatum-sepolia-pay-as-you-go-full-archive,!provider:tatum-pay-as-you-go-full-archive,"[""[Buy](https://tatum.io/pricing)"",""[Docs](https://docs.tatum.io/reference/rpc-arbitrum)""]",,,,,,sepolia,,,,,,,,,,,,,,,,,,
tatum-sepolia-pay-as-you-go-recent-state,!provider:tatum-pay-as-you-go-recent-state,"[""[Buy](https://tatum.io/pricing)"",""[Docs](https://docs.tatum.io/reference/rpc-arbitrum)""]",,,,,,sepolia,,,,,,,,,,,,,,,,,,
tenderly-nova-enterprise-recent-state,!provider:tenderly-enterprise-recent-state,"[""[Contact](https://tenderly.co/pricing)"",""[Docs](https://docs.tenderly.co/node/rpc-reference/arbitrum-nova)""]",,,,,,nova,,,,,,,,,,,,,,,,,,
tenderly-nova-free-recent-state,!provider:tenderly-free-recent-state,"[""[Website](https://tenderly.co/)"",""[Docs](https://docs.tenderly.co/node/rpc-reference/arbitrum-nova)""]",,,,,,nova,,,,,,,,,,,,,,,,,,
tenderly-nova-pay-as-you-go-recent-state,!provider:tenderly-pay-as-you-go-recent-state,"[""[Buy](https://tenderly.co/pricing)"",""[Docs](https://docs.tenderly.co/node/rpc-reference/arbitrum-nova)""]",,,,,,nova,,,,,,,,,,,,,,,,,,
tenderly-one-enterprise-recent-state,!provider:tenderly-enterprise-recent-state,"[""[Contact](https://tenderly.co/pricing)"",""[Docs](https://docs.tenderly.co/node/rpc-reference/arbitrum)""]",,,,,,one,,,,,,,,,,,,,,,,,,
tenderly-one-free-recent-state,!provider:tenderly-free-recent-state,"[""[Website](https://tenderly.co/)"",""[Docs](https://docs.tenderly.co/node/rpc-reference/arbitrum)""]",,,,,,one,,,,,,,,,,,,,,,,,,
tenderly-one-pay-as-you-go-recent-state,!provider:tenderly-pay-as-you-go-recent-state,"[""[Buy](https://tenderly.co/pricing)"",""[Docs](https://docs.tenderly.co/node/rpc-reference/arbitrum)""]",,,,,,one,,,,,,,,,,,,,,,,,,
tenderly-sepolia-enterprise-recent-state,!provider:tenderly-enterprise-recent-state,"[""[Contact](https://tenderly.co/pricing)"",""[Docs](https://docs.tenderly.co/node/rpc-reference/arbitrum-sepolia)""]",,,,,,sepolia,,,,,,,,,,,,,,,,,,
tenderly-sepolia-free-recent-state,!provider:tenderly-free-recent-state,"[""[Website](https://tenderly.co/)"",""[Docs](https://docs.tenderly.co/node/rpc-reference/arbitrum-sepolia)""]",,,,,,sepolia,,,,,,,,,,,,,,,,,,
tenderly-sepolia-pay-as-you-go-recent-state,!provider:tenderly-pay-as-you-go-recent-state,"[""[Buy](https://tenderly.co/pricing)"",""[Docs](https://docs.tenderly.co/node/rpc-reference/arbitrum-sepolia)""]",,,,,,sepolia,,,,,,,,,,,,,,,,,,
thegraph-nova-enterprise-indexer,!provider:thegraph-enterprise-indexer,"[""[Contact](https://thegraph.com/studio-pricing/)"",""[Docs](https://thegraph.com/docs/en/supported-networks/arbitrum-nova/)""]",,,,,,nova,,,,,,,,,,,,,,,,,,
thegraph-nova-free-indexer,!provider:thegraph-free-indexer,"[""[Website](https://thegraph.com/)"",""[Docs](https://thegraph.com/docs/en/supported-networks/arbitrum-nova/)""]",,,,,,nova,,,,,,,,,,,,,,,,,,
thegraph-nova-pay-as-you-go-indexer,!provider:thegraph-pay-as-you-go-indexer,"[""[Buy](https://thegraph.com/studio-pricing/)"",""[Docs](https://thegraph.com/docs/en/supported-networks/arbitrum-nova/)""]",,,,,,nova,,,,,,,,,,,,,,,,,,
thegraph-one-enterprise-indexer,!provider:thegraph-enterprise-indexer,"[""[Contact](https://thegraph.com/studio-pricing/)"",""[Docs](https://thegraph.com/docs/en/supported-networks/arbitrum-one/)""]",,,,,,one,,,,,,,,,,,,,,,,,,
thegraph-one-free-indexer,!provider:thegraph-free-indexer,"[""[Website](https://thegraph.com/)"",""[Docs](https://thegraph.com/docs/en/supported-networks/arbitrum-one/)""]",,,,,,one,,,,,,,,,,,,,,,,,,
thegraph-one-pay-as-you-go-indexer,!provider:thegraph-pay-as-you-go-indexer,"[""[Buy](https://thegraph.com/studio-pricing/)"",""[Docs](https://thegraph.com/docs/en/supported-networks/arbitrum-one/)""]",,,,,,one,,,,,,,,,,,,,,,,,,
thegraph-sepolia-enterprise-indexer,!provider:thegraph-enterprise-indexer,"[""[Contact](https://thegraph.com/studio-pricing/)"",""[Docs](https://thegraph.com/docs/en/contracts/#arbitrum-sepolia)""]",,,,,,sepolia,,,,,,,,,,,,,,,,,,
thegraph-sepolia-free-indexer,!provider:thegraph-free-indexer,"[""[Website](https://thegraph.com/)"",""[Docs](https://thegraph.com/docs/en/contracts/#arbitrum-sepolia)""]",,,,,,sepolia,,,,,,,,,,,,,,,,,,
thegraph-sepolia-pay-as-you-go-indexer,!provider:thegraph-pay-as-you-go-indexer,"[""[Buy](https://thegraph.com/studio-pricing/)"",""[Docs](https://thegraph.com/docs/en/contracts/#arbitrum-sepolia)""]",,,,,,sepolia,,,,,,,,,,,,,,,,,,
thirdweb-nova-enterprise-indexer,!provider:thirdweb-enterprise-indexer,"[""[Contact](https://thirdweb.com/pricing)""]",,,,,,nova,,,,,,,,,,,,,,,,,,
thirdweb-nova-free-indexer,!provider:thirdweb-free-indexer,"[""[Website](https://thirdweb.com/arbitrum-nova)""]",,,,,,nova,,,,,,,,,,,,,,,,,,
thirdweb-nova-pay-as-you-go-indexer,!provider:thirdweb-pay-as-you-go-indexer,"[""[Buy](https://thirdweb.com/pricing)""]",,,,,,nova,,,,,,,,,,,,,,,,,,
thirdweb-one-enterprise-indexer,!provider:thirdweb-enterprise-indexer,"[""[Contact](https://thirdweb.com/pricing)""]",,,,,,one,,,,,,,,,,,,,,,,,,
thirdweb-one-free-indexer,!provider:thirdweb-free-indexer,"[""[Website](https://thirdweb.com/arbitrum)""]",,,,,,one,,,,,,,,,,,,,,,,,,
thirdweb-one-pay-as-you-go-indexer,!provider:thirdweb-pay-as-you-go-indexer,"[""[Buy](https://thirdweb.com/pricing)""]",,,,,,one,,,,,,,,,,,,,,,,,,
thirdweb-sepolia-enterprise-indexer,!provider:thirdweb-enterprise-indexer,"[""[Contact](https://thirdweb.com/pricing)""]",,,,,,sepolia,,,,,,,,,,,,,,,,,,
thirdweb-sepolia-free-indexer,!provider:thirdweb-free-indexer,"[""[Website](https://thirdweb.com/arbitrum-sepolia)""]",,,,,,sepolia,,,,,,,,,,,,,,,,,,
thirdweb-sepolia-pay-as-you-go-indexer,!provider:thirdweb-pay-as-you-go-indexer,"[""[Buy](https://thirdweb.com/pricing)""]",,,,,,sepolia,,,,,,,,,,,,,,,,,,
omnia-one-free-recent-state,!provider:omnia-free-recent-state,,,,,,,one,,,,,,,,,,,,,,,,,,
omnia-one-pro-recent-state,!provider:omnia-pro-recent-state,,,,,,,one,,,,,,,,,,,,,,,,,,
omnia-one-pro-growth-recent-state,!provider:omnia-pro-growth-recent-state,,,,,,,one,,,,,,,,,,,,,,,,,,
omnia-one-pro-elite-recent-state,!provider:omnia-pro-elite-recent-state,,,,,,,one,,,,,,,,,,,,,,,,,,
omnia-one-enterprise-recent-state,!provider:omnia-enterprise-recent-state,,,,,,,one,,,,,,,,,,,,,,,,,,
omnia-sepolia-free-recent-state,!provider:omnia-free-recent-state,,,,,,,sepolia,,,,,,,,,,,,,,,,,,
omnia-sepolia-pro-recent-state,!provider:omnia-pro-recent-state,,,,,,,sepolia,,,,,,,,,,,,,,,,,,
omnia-sepolia-pro-growth-recent-state,!provider:omnia-pro-growth-recent-state,,,,,,,sepolia,,,,,,,,,,,,,,,,,,
omnia-sepolia-pro-elite-recent-state,!provider:omnia-pro-elite-recent-state,,,,,,,sepolia,,,,,,,,,,,,,,,,,,
omnia-sepolia-enterprise-recent-state,!provider:omnia-enterprise-recent-state,,,,,,,sepolia,,,,,,,,,,,,,,,,,,
quicknode-one-build-recent-state,!provider:quicknode-build-recent-state,,,,,,,one,,,,,,,,,,,,,,,,,,
quicknode-one-accelerate-recent-state,!provider:quicknode-accelerate-recent-state,,,,,,,one,,,,,,,,,,,,,,,,,,
quicknode-one-scale-recent-state,!provider:quicknode-scale-recent-state,,,,,,,one,,,,,,,,,,,,,,,,,,
quicknode-one-business-recent-state,!provider:quicknode-business-recent-state,,,,,,,one,,,,,,,,,,,,,,,,,,
quicknode-one-enterprise-recent-state,!provider:quicknode-enterprise-recent-state,,,,,,,one,,,,,,,,,,,,,,,,,,
quicknode-one-build-full-archive,!provider:quicknode-build-full-archive,,,,,,,one,,,,,,,,,,,,,,,,,,
quicknode-one-accelerate-full-archive,!provider:quicknode-accelerate-full-archive,,,,,,,one,,,,,,,,,,,,,,,,,,
quicknode-one-scale-full-archive,!provider:quicknode-scale-full-archive,,,,,,,one,,,,,,,,,,,,,,,,,,
quicknode-one-business-full-archive,!provider:quicknode-business-full-archive,,,,,,,one,,,,,,,,,,,,,,,,,,
quicknode-one-enterprise-full-archive,!provider:quicknode-enterprise-full-archive,,,,,,,one,,,,,,,,,,,,,,,,,,
quicknode-sepolia-build-recent-state,!provider:quicknode-build-recent-state,,,,,,,sepolia,,,,,,,,,,,,,,,,,,
quicknode-sepolia-accelerate-recent-state,!provider:quicknode-accelerate-recent-state,,,,,,,sepolia,,,,,,,,,,,,,,,,,,
quicknode-sepolia-scale-recent-state,!provider:quicknode-scale-recent-state,,,,,,,sepolia,,,,,,,,,,,,,,,,,,
quicknode-sepolia-business-recent-state,!provider:quicknode-business-recent-state,,,,,,,sepolia,,,,,,,,,,,,,,,,,,
quicknode-sepolia-enterprise-recent-state,!provider:quicknode-enterprise-recent-state,,,,,,,sepolia,,,,,,,,,,,,,,,,,,
quicknode-sepolia-build-full-archive,!provider:quicknode-build-full-archive,,,,,,,sepolia,,,,,,,,,,,,,,,,,,
quicknode-sepolia-accelerate-full-archive,!provider:quicknode-accelerate-full-archive,,,,,,,sepolia,,,,,,,,,,,,,,,,,,
quicknode-sepolia-scale-full-archive,!provider:quicknode-scale-full-archive,,,,,,,sepolia,,,,,,,,,,,,,,,,,,
quicknode-sepolia-business-full-archive,!provider:quicknode-business-full-archive,,,,,,,sepolia,,,,,,,,,,,,,,,,,,
quicknode-sepolia-enterprise-full-archive,!provider:quicknode-enterprise-full-archive,,,,,,,sepolia,,,,,,,,,,,,,,,,,,
quicknode-nova-build-recent-state,!provider:quicknode-build-recent-state,,,,,,,nova,,,,,,,,,,,,,,,,,,
quicknode-nova-accelerate-recent-state,!provider:quicknode-accelerate-recent-state,,,,,,,nova,,,,,,,,,,,,,,,,,,
quicknode-nova-scale-recent-state,!provider:quicknode-scale-recent-state,,,,,,,nova,,,,,,,,,,,,,,,,,,
quicknode-nova-business-recent-state,!provider:quicknode-business-recent-state,,,,,,,nova,,,,,,,,,,,,,,,,,,
quicknode-nova-enterprise-recent-state,!provider:quicknode-enterprise-recent-state,,,,,,,nova,,,,,,,,,,,,,,,,,,
quicknode-nova-build-full-archive,!provider:quicknode-build-full-archive,,,,,,,nova,,,,,,,,,,,,,,,,,,
quicknode-nova-accelerate-full-archive,!provider:quicknode-accelerate-full-archive,,,,,,,nova,,,,,,,,,,,,,,,,,,
quicknode-nova-scale-full-archive,!provider:quicknode-scale-full-archive,,,,,,,nova,,,,,,,,,,,,,,,,,,
quicknode-nova-business-full-archive,!provider:quicknode-business-full-archive,,,,,,,nova,,,,,,,,,,,,,,,,,,
quicknode-nova-enterprise-full-archive,!provider:quicknode-enterprise-full-archive,,,,,,,nova,,,,,,,,,,,,,,,,,,
moralis-one-free-full-archive,!provider:moralis-free-full-archive,,,,,,,one,,,,,,,,,,,,,,,,,,
moralis-one-starter-full-archive,!provider:moralis-starter-full-archive,,,,,,,one,,,,,,,,,,,,,,,,,,
moralis-one-pro-full-archive,!provider:moralis-pro-full-archive,,,,,,,one,,,,,,,,,,,,,,,,,,
moralis-one-business-full-archive,!provider:moralis-business-full-archive,,,,,,,one,,,,,,,,,,,,,,,,,,
moralis-one-enterprise-full-archive,!provider:moralis-enterprise-full-archive,,,,,,,one,,,,,,,,,,,,,,,,,,
moralis-sepolia-free-full-archive,!provider:moralis-free-full-archive,,,,,,,sepolia,,,,,,,,,,,,,,,,,,
moralis-sepolia-starter-full-archive,!provider:moralis-starter-full-archive,,,,,,,sepolia,,,,,,,,,,,,,,,,,,
moralis-sepolia-pro-full-archive,!provider:moralis-pro-full-archive,,,,,,,sepolia,,,,,,,,,,,,,,,,,,
moralis-sepolia-business-full-archive,!provider:moralis-business-full-archive,,,,,,,sepolia,,,,,,,,,,,,,,,,,,
moralis-sepolia-enterprise-full-archive,!provider:moralis-enterprise-full-archive,,,,,,,sepolia,,,,,,,,,,,,,,,,,,
moralis-sepolia-indexer-free,!provider:moralis-indexer-free,,,,,,,sepolia,,,,,,,,,,,,,,,,,,
moralis-sepolia-indexer-starter,!provider:moralis-indexer-starter,,,,,,,sepolia,,,,,,,,,,,,,,,,,,
moralis-sepolia-indexer-pro,!provider:moralis-indexer-pro,,,,,,,sepolia,,,,,,,,,,,,,,,,,,
moralis-sepolia-indexer-business,!provider:moralis-indexer-business,,,,,,,sepolia,,,,,,,,,,,,,,,,,,
moralis-sepolia-indexer-enterprise,!provider:moralis-indexer-enterprise,,,,,,,sepolia,,,,,,,,,,,,,,,,,,
moralis-one-indexer-free,!provider:moralis-indexer-free,,,,,,,one,,,,,,,,,,,,,,,,,,
moralis-one-indexer-starter,!provider:moralis-indexer-starter,,,,,,,one,,,,,,,,,,,,,,,,,,
moralis-one-indexer-pro,!provider:moralis-indexer-pro,,,,,,,one,,,,,,,,,,,,,,,,,,
moralis-one-indexer-business,!provider:moralis-indexer-business,,,,,,,one,,,,,,,,,,,,,,,,,,
moralis-one-indexer-enterprise,!provider:moralis-indexer-enterprise,,,,,,,one,,,,,,,,,,,,,,,,,,
node-real-one-free-recent-state,!provider:node-real-free-recent-state,"[""[Website](https://nodereal.io/api-marketplace/arbitrum-nitro-rpc)"",""[Docs](https://docs.nodereal.io/reference/eth_blocknumber-2)""]",,,,,,one,,,,,,,,,,,,,,,,,,
node-real-one-growth-recent-state,!provider:node-real-growth-recent-state,"[""[Buy](https://nodereal.io/pricing)"",""[Docs](https://docs.nodereal.io/reference/eth_blocknumber-2)""]",,,,,,one,,,,,,,,,,,,,,,,,,
node-real-one-team-recent-state,!provider:node-real-team-recent-state,"[""[Buy](https://nodereal.io/pricing)"",""[Docs](https://docs.nodereal.io/reference/eth_blocknumber-2)""]",,,,,,one,,,,,,,,,,,,,,,,,,
node-real-one-business-recent-state,!provider:node-real-business-recent-state,"[""[Buy](https://nodereal.io/pricing)"",""[Docs](https://docs.nodereal.io/reference/eth_blocknumber-2)""]",,,,,,one,,,,,,,,,,,,,,,,,,
node-real-one-semita-recent-state,!provider:node-real-semita-recent-state,"[""[Contact](https://docs.google.com/forms/d/e/1FAIpQLSe6LIIVXNqZR1JrMOLaToNAk7v21zgmYoExDuvaHXicA-bnJg/viewform)"",""[Docs](https://docs.nodereal.io/reference/eth_blocknumber-2)""]",,,,,,one,,,,,,,,,,,,,,,,,,
node-real-nova-free-recent-state,!provider:node-real-free-recent-state,"[""[Website](https://nodereal.io/api-marketplace/arbitrum-nova-rpc)"",""[Docs](https://docs.nodereal.io/reference/eth_blocknumber)""]",,,,,,nova,,,,,,,,,,,,,,,,,,
node-real-nova-growth-recent-state,!provider:node-real-growth-recent-state,"[""[Buy](https://nodereal.io/pricing)"",""[Docs](https://docs.nodereal.io/reference/eth_blocknumber)""]",,,,,,nova,,,,,,,,,,,,,,,,,,
node-real-nova-team-recent-state,!provider:node-real-team-recent-state,"[""[Buy](https://nodereal.io/pricing)"",""[Docs](https://docs.nodereal.io/reference/eth_blocknumber)""]",,,,,,nova,,,,,,,,,,,,,,,,,,
node-real-nova-business-recent-state,!provider:node-real-business-recent-state,"[""[Buy](https://nodereal.io/pricing)"",""[Docs](https://docs.nodereal.io/reference/eth_blocknumber)""]",,,,,,nova,,,,,,,,,,,,,,,,,,
node-real-nova-semita-recent-state,!provider:node-real-semita-recent-state,"[""[Contact](https://docs.google.com/forms/d/e/1FAIpQLSe6LIIVXNqZR1JrMOLaToNAk7v21zgmYoExDuvaHXicA-bnJg/viewform)"",""[Docs](https://docs.nodereal.io/reference/eth_blocknumber)""]",,,,,,nova,,,,,,,,,,,,,,,,,,