slug,provider,actionButtons,chain,technology,monitoringAndAnalytics,additionalFeatures,starred,availableApis,sdk,searchCapabilities,smartContractsVerifications,fullHistory,pricing
arbiscan-one,!provider:arbiscan,"[""[Explorer](https://arbiscan.io/)""]",one,,,,,,,,,,
blockscout-one,!provider:blockscout,"[""[Explorer](https://arbitrum.blockscout.com/)""]",one,,,,,,,,,,
arbiscan-nova,!provider:arbiscan,"[""[Explorer](https://nova.arbiscan.io/)""]",nova,,,,,,,,,,
blockscout-nova,!provider:blockscout,"[""[Explorer](https://arbitrum-nova.blockscout.com/)""]",nova,,,,,,,,,,
arbiscan-sepolia,!provider:arbiscan,"[""[Explorer](https://sepolia.arbiscan.io/)""]",sepolia,,,,,,,,,,
oklink-one,!provider:oklink,"[""[Explorer](https://www.oklink.com/en/arbitrum-one)""]",one,,,,,,,,,,
okxscan-one,!provider:okx,"[""[Explorer](https://web3.okx.com/en/explorer/arbitrum-one)""]",one,,,,,,,,,,
tenderly-explorer-one,!provider:tenderly-explorer,"[""[Explorer](https://dashboard.tenderly.co/explorer/arbitrum)""]",one,,,,,,,,,,
tenderly-explorer-nova,!provider:tenderly-explorer,"[""[Explorer](https://dashboard.tenderly.co/explorer/arbitrum-nova)""]",nova,,,,,,,,,,
tenderly-explorer-sepolia,!provider:tenderly-explorer,"[""[Explorer](https://dashboard.tenderly.co/explorer/arbitrum-sepolia)""]",sepolia,,,,,,,,,,
