slug,provider,actionButtons,chain,txSpeedSla,throughputSla,technology,openSource,support,starred,availableApis,monitoringAndAnalytics,additionalFeatures,assetTypes,price,economicalSecurity,economicalSecurityNote,auditsPerformed,decentralizationModel,sdk,supportedChains
ton-bridge,!provider:ton-bridge,,mainnet,,,,,,,,,,,,,,,,,
asterizm,!provider:asterizm,,mainnet,,,,,,,,,,,,,,,,,
chainspot,!provider:chainspot,,mainnet,,,,,,,,,,,,,,,,,
layerswap,!provider:layerswap,,mainnet,,,,,,,,,,,,,,,,,
orbiter,!provider:orbiter,,mainnet,,,,,,,,,,,,,,,,,
rubic,!provider:rubic,,mainnet,,,,,,,,,,,,,,,,,
stargate,!provider:stargate,,mainnet,,,,,,,,,,,,,,,,,
symbiosis,!provider:stargate,,mainnet,,,,,,,,,,,,,,,,,
defiway-bridge,!provider:defiway-bridge,,mainnet,,,,,,,,,,,,,,,,,
