slug,provider,actionButtons,toolType,tag,price,description,starred
wagmi,!provider:wagmi,,,,,,
rainbowkit,!provider:rainbowkit,,,,,,
web3auth-free,!provider:web3auth-free,,,,,,
web3auth-pay-as-you-go,!provider:web3auth-pay-as-you-go,,,,,,
web3auth-enterprise,!provider:web3auth-enterprise,,,,,,
thirdweb-pay-as-you-go,!provider:thirdweb-pay-as-you-go,,,,,,
thirdweb-enterprise,!provider:thirdweb-enterprise,,,,,,
polyzoa,!provider:polyzoa,,,,,,
chain-ide,!provider:chain-ide,,,,,,
tenderly-sandbox,!provider:tenderly-sandbox,,,,,,
foundry,!provider:foundry,,,,,,
ipfs,!provider:ipfs,,,,,,
openfort-free,!provider:openfort-free,,,,,,
openfort-pay-as-you-go,!provider:openfort-pay-as-you-go,,,,,,
openfort-enterprise,!provider:openfort-enterprise,,,,,,
pimlico,!provider:pimlico,,,,,,
portal-free,!provider:portal-free,,,,,,
portal-pay-as-you-go,!provider:portal-pay-as-you-go,,,,,,
portal-enterprise,!provider:portal-enterprise,,,,,,
reown,!provider:reown,,,,,,
apeworx,!provider:apeworx,,,,,,
