slug,provider,actionButtons,chain,technology,txSpeedSla,throughputSla,openSource,support,starred,availableApis,monitoringAndAnalytics,additionalFeatures,assetTypes,price,economicalSecurity,economicalSecurityNote,auditsPerformed,decentralizationModel,sdk,supportedChains
hyperlane-mainnet,!provider:hyperlane,,mainnet,,,,,,,,,,,,,,,,,
superbridge-mainnet,!provider:superbridge,,mainnet,,,,,,,,,,,,,,,,,
garden-mainnet,!provider:garden,,mainnet,,,,,,,,,,,,,,,,,
across-mainnet,!provider:across,,mainnet,,,,,,,,,,,,,,,,,
hop-mainnet,!provider:hop,,mainnet,,,,,,,,,,,,,,,,,
synapse-mainnet,!provider:synapse,,mainnet,,,,,,,,,,,,,,,,,
stargate-mainnet,!provider:stargate,,mainnet,,,,,,,,,,,,,,,,,
celer-mainnet,!provider:celer,,mainnet,,,,,,,,,,,,,,,,,
wormhole-mainnet,!provider:wormhole,,mainnet,,,,,,,,,,,,,,,,,
axelar-mainnet,!provider:axelar,,mainnet,,,,,,,,,,,,,,,,,
orbiter-mainnet,!provider:orbiter,,mainnet,,,,,,,,,,,,,,,,,
routerprotocol-mainnet,!provider:routerprotocol,,mainnet,,,,,,,,,,,,,,,,,
chainlink-bridge-mainnet,!provider:chainlink-bridge,,mainnet,,,,,,,,,,,,,,,,,
chainport-mainnet,!provider:chainport,,mainnet,,,,,,,,,,,,,,,,,
symbiosis-mainnet,!provider:symbiosis,,mainnet,,,,,,,,,,,,,,,,,
smolrefuel-mainnet,!provider:smolrefuel,,mainnet,,,,,,,,,,,,,,,,,
valuerouter-mainnet,!provider:valuerouter,,mainnet,,,,,,,,,,,,,,,,,
veda-mainnet,!provider:veda,,mainnet,,,,,,,,,,,,,,,,,
crosscurve-mainnet,!provider:crosscurve,,mainnet,,,,,,,,,,,,,,,,,
messina-mainnet,!provider:messina,,mainnet,,,,,,,,,,,,,,,,,
universalx-mainnet,!provider:universalx,,mainnet,,,,,,,,,,,,,,,,,
ecoportal-mainnet,!provider:ecoportal,,mainnet,,,,,,,,,,,,,,,,,
cometprotocol-mainnet,!provider:cometprotocol,,mainnet,,,,,,,,,,,,,,,,,
hyperlane-testnet,!provider:hyperlane,,testnet,,,,,,,,,,,,,,,,,
superbridge-testnet,!provider:superbridge,,testnet,,,,,,,,,,,,,,,,,
garden-testnet,!provider:garden,,testnet,,,,,,,,,,,,,,,,,
across-testnet,!provider:across,,testnet,,,,,,,,,,,,,,,,,
hop-testnet,!provider:hop,,testnet,,,,,,,,,,,,,,,,,
wormhole-testnet,!provider:wormhole,,testnet,,,,,,,,,,,,,,,,,
orbiter-testnet,!provider:orbiter,,testnet,,,,,,,,,,,,,,,,,
chainlink-bridge-testnet,!provider:chainlink-bridge,,testnet,,,,,,,,,,,,,,,,,
